fips,county_name,state_abbr,state_name
20161,Riley,KS,Kansas
19159,Ringgold,IA,Iowa
30009,Carbon,MT,Montana
16007,Bear Lake,ID,Idaho
55011,Buffalo,WI,Wisconsin
31185,York,NE,Nebraska
08037,Eagle,CO,Colorado
42129,Westmoreland,PA,Pennsylvania
40079,Le Flore,OK,Oklahoma
48053,Burnet,TX,Texas
36017,Chenango,NY,New York
20109,Logan,KS,Kansas
47053,Gibson,TN,Tennessee
27061,Itasca,MN,Minnesota
25017,Middlesex,MA,Massachusetts
36119,Westchester,NY,New York
46093,Meade,SD,South Dakota
54107,Wood,WV,West Virginia
19021,Buena Vista,IA,Iowa
47021,Cheatham,TN,Tennessee
05019,Clark,AR,Arkansas
51105,Lee,VA,Virginia
27013,Blue Earth,MN,Minnesota
56033,Sheridan,WY,Wyoming
22087,St. Bernard,LA,Louisiana
19015,Boone,IA,Iowa
39035,Cuyahoga,OH,Ohio
45027,Clarendon,SC,South Carolina
41035,Klamath,OR,Oregon
45015,Berkeley,SC,South Carolina
25005,Bristol,MA,Massachusetts
25015,Hampshire,MA,Massachusetts
49025,Kane,UT,Utah
37127,Nash,NC,North Carolina
44007,Providence,RI,Rhode Island
42111,Somerset,PA,Pennsylvania
45059,Laurens,SC,South Carolina
48057,Calhoun,TX,Texas
49017,Garfield,UT,Utah
48341,Moore,TX,Texas
27167,Wilkin,MN,Minnesota
48185,Grimes,TX,Texas
05073,Lafayette,AR,Arkansas
49047,Uintah,UT,Utah
53043,Lincoln,WA,Washington
25025,Suffolk,MA,Massachusetts
36025,Delaware,NY,New York
06059,Orange,CA,California
36115,Washington,NY,New York
37043,Clay,NC,North Carolina
06111,Ventura,CA,California
46127,Union,SD,South Dakota
13021,Bibb,GA,Georgia
41051,Multnomah,OR,Oregon
48035,Bosque,TX,Texas
17017,Cass,IL,Illinois
13049,Charlton,GA,Georgia
29033,Carroll,MO,Missouri
31157,Scotts Bluff,NE,Nebraska
26119,Montmorency,MI,Michigan
09011,New London,CT,Connecticut
13283,Treutlen,GA,Georgia
37119,Mecklenburg,NC,North Carolina
54043,Lincoln,WV,West Virginia
45035,Dorchester,SC,South Carolina
34041,Warren,NJ,New Jersey
12095,Orange,FL,Florida
47001,Anderson,TN,Tennessee
05021,Clay,AR,Arkansas
24047,Worcester,MD,Maryland
27145,Stearns,MN,Minnesota
48471,Walker,TX,Texas
24003,Anne Arundel,MD,Maryland
30059,Meagher,MT,Montana
22053,Jefferson Davis,LA,Louisiana
22055,Lafayette,LA,Louisiana
39043,Erie,OH,Ohio
01033,Colbert,AL,Alabama
38105,Williams,ND,North Dakota
22011,Beauregard,LA,Louisiana
48407,San Jacinto,TX,Texas
13309,Wheeler,GA,Georgia
13279,Toombs,GA,Georgia
24033,Prince George's,MD,Maryland
29143,New Madrid,MO,Missouri
42097,Northumberland,PA,Pennsylvania
17129,Menard,IL,Illinois
12125,Union,FL,Florida
28079,Leake,MS,Mississippi
31091,Hooker,NE,Nebraska
41043,Linn,OR,Oregon
13077,Coweta,GA,Georgia
29087,Holt,MO,Missouri
10005,Sussex,DE,Delaware
06063,Plumas,CA,California
12069,Lake,FL,Florida
42131,Wyoming,PA,Pennsylvania
51163,Rockbridge,VA,Virginia
22113,Vermilion,LA,Louisiana
51001,Accomack,VA,Virginia
51099,King George,VA,Virginia
38037,Grant,ND,North Dakota
18179,Wells,IN,Indiana
32031,Washoe,NV,Nevada
38035,Grand Forks,ND,North Dakota
19045,Clinton,IA,Iowa
22119,Webster,LA,Louisiana
21093,Hardin,KY,Kentucky
22081,Red River,LA,Louisiana
22107,Tensas,LA,Louisiana
47173,Union,TN,Tennessee
51185,Tazewell,VA,Virginia
40087,McClain,OK,Oklahoma
17109,McDonough,IL,Illinois
27083,Lyon,MN,Minnesota
46071,Jackson,SD,South Dakota
13153,Houston,GA,Georgia
42051,Fayette,PA,Pennsylvania
41021,Gilliam,OR,Oregon
01051,Elmore,AL,Alabama
05041,Desha,AR,Arkansas
17197,Will,IL,Illinois
21119,Knott,KY,Kentucky
13183,Long,GA,Georgia
05061,Howard,AR,Arkansas
12127,Volusia,FL,Florida
21025,Breathitt,KY,Kentucky
20075,Hamilton,KS,Kansas
27139,Scott,MN,Minnesota
27015,Brown,MN,Minnesota
27053,Hennepin,MN,Minnesota
42027,Centre,PA,Pennsylvania
37147,Pitt,NC,North Carolina
21017,Bourbon,KY,Kentucky
45043,Georgetown,SC,South Carolina
56029,Park,WY,Wyoming
21183,Ohio,KY,Kentucky
23023,Sagadahoc,ME,Maine
19175,Union,IA,Iowa
20149,Pottawatomie,KS,Kansas
19023,Butler,IA,Iowa
53021,Franklin,WA,Washington
21007,Ballard,KY,Kentucky
45031,Darlington,SC,South Carolina
22031,De Soto,LA,Louisiana
53071,Walla Walla,WA,Washington
01023,Choctaw,AL,Alabama
18157,Tippecanoe,IN,Indiana
48005,Angelina,TX,Texas
08059,Jefferson,CO,Colorado
08067,La Plata,CO,Colorado
51029,Buckingham,VA,Virginia
26147,St. Clair,MI,Michigan
20031,Coffey,KS,Kansas
54085,Ritchie,WV,West Virginia
31007,Banner,NE,Nebraska
48443,Terrell,TX,Texas
28121,Rankin,MS,Mississippi
04015,Mohave,AZ,Arizona
48421,Sherman,TX,Texas
30049,Lewis and Clark,MT,Montana
48101,Cottle,TX,Texas
51047,Culpeper,VA,Virginia
16031,Cassia,ID,Idaho
08077,Mesa,CO,Colorado
51179,Stafford,VA,Virginia
16025,Camas,ID,Idaho
19143,Osceola,IA,Iowa
51085,Hanover,VA,Virginia
54021,Gilmer,WV,West Virginia
40089,McCurtain,OK,Oklahoma
28001,Adams,MS,Mississippi
28145,Union,MS,Mississippi
08035,Douglas,CO,Colorado
26053,Gogebic,MI,Michigan
01109,Pike,AL,Alabama
51009,Amherst,VA,Virginia
34021,Mercer,NJ,New Jersey
47003,Bedford,TN,Tennessee
21013,Bell,KY,Kentucky
40135,Sequoyah,OK,Oklahoma
06015,Del Norte,CA,California
13163,Jefferson,GA,Georgia
12105,Polk,FL,Florida
55111,Sauk,WI,Wisconsin
49051,Wasatch,UT,Utah
41007,Clatsop,OR,Oregon
54017,Doddridge,WV,West Virginia
16077,Power,ID,Idaho
28051,Holmes,MS,Mississippi
48481,Wharton,TX,Texas
48479,Webb,TX,Texas
28073,Lamar,MS,Mississippi
26047,Emmet,MI,Michigan
26103,Marquette,MI,Michigan
21239,Woodford,KY,Kentucky
47037,Davidson,TN,Tennessee
37007,Anson,NC,North Carolina
37031,Carteret,NC,North Carolina
47143,Rhea,TN,Tennessee
26055,Grand Traverse,MI,Michigan
18071,Jackson,IN,Indiana
34007,Camden,NJ,New Jersey
37163,Sampson,NC,North Carolina
48223,Hopkins,TX,Texas
21203,Rockcastle,KY,Kentucky
54011,Cabell,WV,West Virginia
13261,Sumter,GA,Georgia
08043,Fremont,CO,Colorado
54071,Pendleton,WV,West Virginia
16023,Butte,ID,Idaho
29113,Lincoln,MO,Missouri
54047,McDowell,WV,West Virginia
20067,Grant,KS,Kansas
12119,Sumter,FL,Florida
51131,Northampton,VA,Virginia
48387,Red River,TX,Texas
48377,Presidio,TX,Texas
31009,Blaine,NE,Nebraska
54033,Harrison,WV,West Virginia
02090,Fairbanks North Star,AK,Alaska
01041,Crenshaw,AL,Alabama
46055,Haakon,SD,South Dakota
46123,Tripp,SD,South Dakota
37131,Northampton,NC,North Carolina
51017,Bath,VA,Virginia
12073,Leon,FL,Florida
30069,Petroleum,MT,Montana
21063,Elliott,KY,Kentucky
55019,Clark,WI,Wisconsin
16005,Bannock,ID,Idaho
45073,Oconee,SC,South Carolina
51081,Greensville,VA,Virginia
08023,Costilla,CO,Colorado
31005,Arthur,NE,Nebraska
22043,Grant,LA,Louisiana
13313,Whitfield,GA,Georgia
30099,Teton,MT,Montana
21229,Washington,KY,Kentucky
22057,Lafourche,LA,Louisiana
31103,Keya Paha,NE,Nebraska
28131,Stone,MS,Mississippi
48501,Yoakum,TX,Texas
56013,Fremont,WY,Wyoming
24025,Harford,MD,Maryland
06023,Humboldt,CA,California
20069,Gray,KS,Kansas
13019,Berrien,GA,Georgia
37053,Currituck,NC,North Carolina
13319,Wilkinson,GA,Georgia
47065,Hamilton,TN,Tennessee
16013,Blaine,ID,Idaho
47097,Lauderdale,TN,Tennessee
06043,Mariposa,CA,California
22099,St. Martin,LA,Louisiana
21089,Greenup,KY,Kentucky
21071,Floyd,KY,Kentucky
49023,Juab,UT,Utah
08091,Ouray,CO,Colorado
38053,McKenzie,ND,North Dakota
24015,Cecil,MD,Maryland
13263,Talbot,GA,Georgia
21107,Hopkins,KY,Kentucky
48193,Hamilton,TX,Texas
48389,Reeves,TX,Texas
13315,Wilcox,GA,Georgia
13229,Pierce,GA,Georgia
47049,Fentress,TN,Tennessee
12047,Hamilton,FL,Florida
53041,Lewis,WA,Washington
08001,Adams,CO,Colorado
13265,Taliaferro,GA,Georgia
13311,White,GA,Georgia
26141,Presque Isle,MI,Michigan
40013,Bryan,OK,Oklahoma
05093,Mississippi,AR,Arkansas
47187,Williamson,TN,Tennessee
48227,Howard,TX,Texas
01107,Pickens,AL,Alabama
47009,Blount,TN,Tennessee
41005,Clackamas,OR,Oregon
22075,Plaquemines,LA,Louisiana
48267,Kimble,TX,Texas
37103,Jones,NC,North Carolina
16069,Nez Perce,ID,Idaho
29019,Boone,MO,Missouri
48015,Austin,TX,Texas
22123,West Carroll,LA,Louisiana
37085,Harnett,NC,North Carolina
13249,Schley,GA,Georgia
30085,Roosevelt,MT,Montana
13075,Cook,GA,Georgia
51137,Orange,VA,Virginia
51187,Warren,VA,Virginia
21011,Bath,KY,Kentucky
48207,Haskell,TX,Texas
48383,Reagan,TX,Texas
47119,Maury,TN,Tennessee
08111,San Juan,CO,Colorado
48301,Loving,TX,Texas
30089,Sanders,MT,Montana
54057,Mineral,WV,West Virginia
47127,Moore,TN,Tennessee
47167,Tipton,TN,Tennessee
51199,York,VA,Virginia
48213,Henderson,TX,Texas
09001,Fairfield,CT,Connecticut
48329,Midland,TX,Texas
47035,Cumberland,TN,Tennessee
47079,Henry,TN,Tennessee
47121,Meigs,TN,Tennessee
47149,Rutherford,TN,Tennessee
12093,Okeechobee,FL,Florida
47117,Marshall,TN,Tennessee
47163,Sullivan,TN,Tennessee
47031,Coffee,TN,Tennessee
13209,Montgomery,GA,Georgia
48043,Brewster,TX,Texas
48039,Brazoria,TX,Texas
25023,Plymouth,MA,Massachusetts
45003,Aiken,SC,South Carolina
20071,Greeley,KS,Kansas
48465,Val Verde,TX,Texas
36075,Oswego,NY,New York
38095,Towner,ND,North Dakota
17031,Cook,IL,Illinois
06037,Los Angeles,CA,California
39095,Lucas,OH,Ohio
54059,Mingo,WV,West Virginia
39127,Perry,OH,Ohio
46041,Dewey,SD,South Dakota
04005,Coconino,AZ,Arizona
48125,Dickens,TX,Texas
05001,Arkansas,AR,Arkansas
19177,Van Buren,IA,Iowa
27023,Chippewa,MN,Minnesota
01087,Macon,AL,Alabama
05069,Jefferson,AR,Arkansas
05091,Miller,AR,Arkansas
06065,Riverside,CA,California
06101,Sutter,CA,California
06113,Yolo,CA,California
08065,Lake,CO,Colorado
42005,Armstrong,PA,Pennsylvania
13133,Greene,GA,Georgia
48289,Leon,TX,Texas
20163,Rooks,KS,Kansas
53005,Benton,WA,Washington
45009,Bamberg,SC,South Carolina
53011,Clark,WA,Washington
51097,King and Queen,VA,Virginia
38017,Cass,ND,North Dakota
48037,Bowie,TX,Texas
42041,Cumberland,PA,Pennsylvania
30057,Madison,MT,Montana
25027,Worcester,MA,Massachusetts
78030,St. Thomas,VI,United States Virgin Islands
13219,Oconee,GA,Georgia
48023,Baylor,TX,Texas
51037,Charlotte,VA,Virginia
38005,Benson,ND,North Dakota
30071,Phillips,MT,Montana
27089,Marshall,MN,Minnesota
27163,Washington,MN,Minnesota
48229,Hudspeth,TX,Texas
41061,Union,OR,Oregon
16027,Canyon,ID,Idaho
12071,Lee,FL,Florida
29099,Jefferson,MO,Missouri
13267,Tattnall,GA,Georgia
49019,Grand,UT,Utah
26137,Otsego,MI,Michigan
37069,Franklin,NC,North Carolina
36067,Onondaga,NY,New York
28143,Tunica,MS,Mississippi
16029,Caribou,ID,Idaho
48139,Ellis,TX,Texas
16083,Twin Falls,ID,Idaho
54031,Hardy,WV,West Virginia
12001,Alachua,FL,Florida
23025,Somerset,ME,Maine
41003,Benton,OR,Oregon
22117,Washington,LA,Louisiana
51133,Northumberland,VA,Virginia
16043,Fremont,ID,Idaho
42095,Northampton,PA,Pennsylvania
48025,Bee,TX,Texas
29207,Stoddard,MO,Missouri
20133,Neosho,KS,Kansas
40075,Kiowa,OK,Oklahoma
24011,Caroline,MD,Maryland
06033,Lake,CA,California
06039,Madera,CA,California
06099,Stanislaus,CA,California
45079,Richland,SC,South Carolina
45021,Cherokee,SC,South Carolina
12077,Liberty,FL,Florida
33017,Strafford,NH,New Hampshire
37033,Caswell,NC,North Carolina
54067,Nicholas,WV,West Virginia
31071,Garfield,NE,Nebraska
24023,Garrett,MD,Maryland
60020,Manu'a,AS,American Samoa
22101,St. Mary,LA,Louisiana
12097,Osceola,FL,Florida
15009,Maui,HI,Hawaii
39061,Hamilton,OH,Ohio
18061,Harrison,IN,Indiana
19063,Emmet,IA,Iowa
48203,Harrison,TX,Texas
42127,Wayne,PA,Pennsylvania
30083,Richland,MT,Montana
20195,Trego,KS,Kansas
51145,Powhatan,VA,Virginia
51031,Campbell,VA,Virginia
53031,Jefferson,WA,Washington
50027,Windsor,VT,Vermont
37121,Mitchell,NC,North Carolina
42031,Clarion,PA,Pennsylvania
05037,Cross,AR,Arkansas
45005,Allendale,SC,South Carolina
53055,San Juan,WA,Washington
36113,Warren,NY,New York
37049,Craven,NC,North Carolina
37055,Dare,NC,North Carolina
36051,Livingston,NY,New York
18021,Clay,IN,Indiana
29189,St. Louis,MO,Missouri
29195,Saline,MO,Missouri
34011,Cumberland,NJ,New Jersey
34019,Hunterdon,NJ,New Jersey
56035,Sublette,WY,Wyoming
51103,Lancaster,VA,Virginia
17027,Clinton,IL,Illinois
48103,Crane,TX,Texas
55057,Juneau,WI,Wisconsin
78020,St. John,VI,United States Virgin Islands
13245,Richmond,GA,Georgia
37047,Columbus,NC,North Carolina
37111,McDowell,NC,North Carolina
56027,Niobrara,WY,Wyoming
36009,Cattaraugus,NY,New York
29031,Cape Girardeau,MO,Missouri
27173,Yellow Medicine,MN,Minnesota
56025,Natrona,WY,Wyoming
25009,Essex,MA,Massachusetts
08005,Arapahoe,CO,Colorado
13171,Lamar,GA,Georgia
45017,Calhoun,SC,South Carolina
13007,Baker,GA,Georgia
16073,Owyhee,ID,Idaho
47029,Cocke,TN,Tennessee
42103,Pike,PA,Pennsylvania
42099,Perry,PA,Pennsylvania
28083,Leflore,MS,Mississippi
42067,Juniata,PA,Pennsylvania
06081,San Mateo,CA,California
49043,Summit,UT,Utah
41033,Josephine,OR,Oregon
47147,Robertson,TN,Tennessee
18149,Starke,IN,Indiana
20057,Ford,KS,Kansas
51059,Fairfax,VA,Virginia
05015,Carroll,AR,Arkansas
27073,Lac qui Parle,MN,Minnesota
27027,Clay,MN,Minnesota
22045,Iberia,LA,Louisiana
27107,Norman,MN,Minnesota
51089,Henry,VA,Virginia
23007,Franklin,ME,Maine
27069,Kittson,MN,Minnesota
55131,Washington,WI,Wisconsin
45057,Lancaster,SC,South Carolina
51003,Albemarle,VA,Virginia
45051,Horry,SC,South Carolina
22013,Bienville,LA,Louisiana
21043,Carter,KY,Kentucky
48469,Victoria,TX,Texas
55075,Marinette,WI,Wisconsin
19083,Hardin,IA,Iowa
06041,Marin,CA,California
05121,Randolph,AR,Arkansas
13157,Jackson,GA,Georgia
51069,Frederick,VA,Virginia
34013,Essex,NJ,New Jersey
48199,Hardin,TX,Texas
20131,Nemaha,KS,Kansas
04007,Gila,AZ,Arizona
05117,Prairie,AR,Arkansas
48435,Sutton,TX,Texas
48239,Jackson,TX,Texas
21217,Taylor,KY,Kentucky
06079,San Luis Obispo,CA,California
36105,Sullivan,NY,New York
41023,Grant,OR,Oregon
48269,King,TX,Texas
13031,Bulloch,GA,Georgia
05017,Chicot,AR,Arkansas
48311,McMullen,TX,Texas
08033,Dolores,CO,Colorado
42033,Clearfield,PA,Pennsylvania
16085,Valley,ID,Idaho
49015,Emery,UT,Utah
53053,Pierce,WA,Washington
54095,Tyler,WV,West Virginia
36059,Nassau,NY,New York
48027,Bell,TX,Texas
24029,Kent,MD,Maryland
37095,Hyde,NC,North Carolina
45053,Jasper,SC,South Carolina
18175,Washington,IN,Indiana
18051,Gibson,IN,Indiana
05025,Cleveland,AR,Arkansas
51117,Mecklenburg,VA,Virginia
13291,Union,GA,Georgia
13301,Warren,GA,Georgia
32001,Churchill,NV,Nevada
36013,Chautauqua,NY,New York
05133,Sevier,AR,Arkansas
20023,Cheyenne,KS,Kansas
51033,Caroline,VA,Virginia
48353,Nolan,TX,Texas
37065,Edgecombe,NC,North Carolina
47045,Dyer,TN,Tennessee
01055,Etowah,AL,Alabama
01131,Wilcox,AL,Alabama
01035,Conecuh,AL,Alabama
48127,Dimmit,TX,Texas
21165,Menifee,KY,Kentucky
01115,St. Clair,AL,Alabama
08063,Kit Carson,CO,Colorado
17043,DuPage,IL,Illinois
26003,Alger,MI,Michigan
41001,Baker,OR,Oregon
18027,Daviess,IN,Indiana
08113,San Miguel,CO,Colorado
42123,Warren,PA,Pennsylvania
51153,Prince William,VA,Virginia
21125,Laurel,KY,Kentucky
05107,Phillips,AR,Arkansas
48107,Crosby,TX,Texas
21139,Livingston,KY,Kentucky
21159,Martin,KY,Kentucky
48087,Collingsworth,TX,Texas
19027,Carroll,IA,Iowa
05085,Lonoke,AR,Arkansas
48091,Comal,TX,Texas
47093,Knox,TN,Tennessee
23003,Aroostook,ME,Maine
51067,Franklin,VA,Virginia
20095,Kingman,KS,Kansas
06007,Butte,CA,California
25001,Barnstable,MA,Massachusetts
20001,Allen,KS,Kansas
37107,Lenoir,NC,North Carolina
01025,Clarke,AL,Alabama
51181,Surry,VA,Virginia
48287,Lee,TX,Texas
53067,Thurston,WA,Washington
05109,Pike,AR,Arkansas
17189,Washington,IL,Illinois
27119,Polk,MN,Minnesota
37115,Madison,NC,North Carolina
27097,Morrison,MN,Minnesota
42049,Erie,PA,Pennsylvania
26115,Monroe,MI,Michigan
53025,Grant,WA,Washington
01111,Randolph,AL,Alabama
06021,Glenn,CA,California
45049,Hampton,SC,South Carolina
26099,Macomb,MI,Michigan
51109,Louisa,VA,Virginia
26063,Huron,MI,Michigan
24041,Talbot,MD,Maryland
27129,Renville,MN,Minnesota
55037,Florence,WI,Wisconsin
21069,Fleming,KY,Kentucky
22105,Tangipahoa,LA,Louisiana
48001,Anderson,TX,Texas
18125,Pike,IN,Indiana
38097,Traill,ND,North Dakota
46009,Bon Homme,SD,South Dakota
48009,Archer,TX,Texas
19035,Cherokee,IA,Iowa
05039,Dallas,AR,Arkansas
29171,Putnam,MO,Missouri
28013,Calhoun,MS,Mississippi
54025,Greenbrier,WV,West Virginia
04025,Yavapai,AZ,Arizona
13025,Brantley,GA,Georgia
26029,Charlevoix,MI,Michigan
40145,Wagoner,OK,Oklahoma
36029,Erie,NY,New York
21123,Larue,KY,Kentucky
01113,Russell,AL,Alabama
37141,Pender,NC,North Carolina
30027,Fergus,MT,Montana
30063,Missoula,MT,Montana
51053,Dinwiddie,VA,Virginia
54005,Boone,WV,West Virginia
05081,Little River,AR,Arkansas
18137,Ripley,IN,Indiana
48061,Cameron,TX,Texas
01101,Montgomery,AL,Alabama
51073,Gloucester,VA,Virginia
28151,Washington,MS,Mississippi
13073,Columbia,GA,Georgia
30077,Powell,MT,Montana
48437,Swisher,TX,Texas
12123,Taylor,FL,Florida
12013,Calhoun,FL,Florida
16003,Adams,ID,Idaho
13213,Murray,GA,Georgia
21029,Bullitt,KY,Kentucky
48109,Culberson,TX,Texas
24045,Wicomico,MD,Maryland
37079,Greene,NC,North Carolina
21231,Wayne,KY,Kentucky
48141,El Paso,TX,Texas
21109,Jackson,KY,Kentucky
69110,Saipan,MP,Commonwealth of the Northern Mariana Islands
38055,McLean,ND,North Dakota
69120,Tinian,MP,Commonwealth of the Northern Mariana Islands
51036,Charles City,VA,Virginia
13217,Newton,GA,Georgia
36061,New York,NY,New York
47155,Sevier,TN,Tennessee
21061,Edmonson,KY,Kentucky
06095,Solano,CA,California
41047,Marion,OR,Oregon
47073,Hawkins,TN,Tennessee
20053,Ellsworth,KS,Kansas
22017,Caddo,LA,Louisiana
47151,Scott,TN,Tennessee
47159,Smith,TN,Tennessee
30007,Broadwater,MT,Montana
48195,Hansford,TX,Texas
06001,Alameda,CA,California
22109,Terrebonne,LA,Louisiana
22029,Concordia,LA,Louisiana
45091,York,SC,South Carolina
04027,Yuma,AZ,Arizona
12037,Franklin,FL,Florida
12029,Dixie,FL,Florida
69100,Rota,MP,Commonwealth of the Northern Mariana Islands
15003,Honolulu,HI,Hawaii
06061,Placer,CA,California
12133,Washington,FL,Florida
47055,Giles,TN,Tennessee
15001,Hawaii,HI,Hawaii
48379,Rains,TX,Texas
12129,Wakulla,FL,Florida
13271,Telfair,GA,Georgia
18159,Tipton,IN,Indiana
01129,Washington,AL,Alabama
06055,Napa,CA,California
54073,Pleasants,WV,West Virginia
37099,Jackson,NC,North Carolina
48051,Burleson,TX,Texas
13103,Effingham,GA,Georgia
48431,Sterling,TX,Texas
48063,Camp,TX,Texas
08031,Denver,CO,Colorado
28089,Madison,MS,Mississippi
54087,Roane,WV,West Virginia
54027,Hampshire,WV,West Virginia
12131,Walton,FL,Florida
54103,Wetzel,WV,West Virginia
54083,Randolph,WV,West Virginia
21209,Scott,KY,Kentucky
37149,Polk,NC,North Carolina
08051,Gunnison,CO,Colorado
06057,Nevada,CA,California
51610,Falls Church,VA,Virginia
06069,San Benito,CA,California
51075,Goochland,VA,Virginia
21121,Knox,KY,Kentucky
35017,Grant,NM,New Mexico
35021,Harding,NM,New Mexico
37059,Davie,NC,North Carolina
08049,Grand,CO,Colorado
29069,Dunklin,MO,Missouri
29183,St. Charles,MO,Missouri
13237,Putnam,GA,Georgia
22073,Ouachita,LA,Louisiana
48187,Guadalupe,TX,Texas
48491,Williamson,TX,Texas
39123,Ottawa,OH,Ohio
02275,Wrangell,AK,Alaska
30051,Liberty,MT,Montana
06077,San Joaquin,CA,California
16059,Lemhi,ID,Idaho
13141,Hancock,GA,Georgia
22025,Catahoula,LA,Louisiana
24021,Frederick,MD,Maryland
30035,Glacier,MT,Montana
37159,Rowan,NC,North Carolina
53061,Snohomish,WA,Washington
72053,Fajardo,PR,Puerto Rico
24027,Howard,MD,Maryland
13113,Fayette,GA,Georgia
01097,Mobile,AL,Alabama
24043,Washington,MD,Maryland
51005,Alleghany,VA,Virginia
06013,Contra Costa,CA,California
31077,Greeley,NE,Nebraska
48073,Cherokee,TX,Texas
36063,Niagara,NY,New York
36081,Queens,NY,New York
51167,Russell,VA,Virginia
32015,Lander,NV,Nevada
53065,Stevens,WA,Washington
41045,Malheur,OR,Oregon
02122,Kenai Peninsula,AK,Alaska
48495,Winkler,TX,Texas
37117,Martin,NC,North Carolina
13215,Muscogee,GA,Georgia
53077,Yakima,WA,Washington
30015,Chouteau,MT,Montana
53033,King,WA,Washington
22033,East Baton Rouge,LA,Louisiana
38019,Cavalier,ND,North Dakota
01089,Madison,AL,Alabama
37113,Macon,NC,North Carolina
37039,Cherokee,NC,North Carolina
60050,Western,AS,American Samoa
51155,Pulaski,VA,Virginia
37161,Rutherford,NC,North Carolina
38059,Morton,ND,North Dakota
78010,St. Croix,VI,United States Virgin Islands
48081,Coke,TX,Texas
13107,Emanuel,GA,Georgia
51113,Madison,VA,Virginia
48029,Bexar,TX,Texas
51125,Nelson,VA,Virginia
47025,Claiborne,TN,Tennessee
17097,Lake,IL,Illinois
47081,Hickman,TN,Tennessee
13251,Screven,GA,Georgia
53045,Mason,WA,Washington
37199,Yancey,NC,North Carolina
02066,Copper River,AK,Alaska
42071,Lancaster,PA,Pennsylvania
27137,St. Louis,MN,Minnesota
18089,Lake,IN,Indiana
48075,Childress,TX,Texas
28049,Hinds,MS,Mississippi
36031,Essex,NY,New York
42063,Indiana,PA,Pennsylvania
32011,Eureka,NV,Nevada
15007,Kauai,HI,Hawaii
47105,Loudon,TN,Tennessee
37083,Halifax,NC,North Carolina
29029,Camden,MO,Missouri
48161,Freestone,TX,Texas
51177,Spotsylvania,VA,Virginia
26041,Delta,MI,Michigan
51195,Wise,VA,Virginia
39107,Mercer,OH,Ohio
40113,Osage,OK,Oklahoma
19189,Winnebago,IA,Iowa
48261,Kenedy,TX,Texas
27011,Big Stone,MN,Minnesota
17153,Pulaski,IL,Illinois
23031,York,ME,Maine
55051,Iron,WI,Wisconsin
24019,Dorchester,MD,Maryland
05147,Woodruff,AR,Arkansas
26083,Keweenaw,MI,Michigan
21237,Wolfe,KY,Kentucky
08019,Clear Creek,CO,Colorado
05013,Calhoun,AR,Arkansas
21177,Muhlenberg,KY,Kentucky
02185,North Slope,AK,Alaska
48089,Colorado,TX,Texas
26071,Iron,MI,Michigan
30003,Big Horn,MT,Montana
02110,Juneau,AK,Alaska
21115,Johnson,KY,Kentucky
35051,Sierra,NM,New Mexico
21027,Breckinridge,KY,Kentucky
01095,Marshall,AL,Alabama
22063,Livingston,LA,Louisiana
23021,Piscataquis,ME,Maine
30001,Beaverhead,MT,Montana
01073,Jefferson,AL,Alabama
24009,Calvert,MD,Maryland
72037,Ceiba,PR,Puerto Rico
22091,St. Helena,LA,Louisiana
47033,Crockett,TN,Tennessee
22077,Pointe Coupee,LA,Louisiana
01069,Houston,AL,Alabama
01063,Greene,AL,Alabama
41019,Douglas,OR,Oregon
18065,Henry,IN,Indiana
22021,Caldwell,LA,Louisiana
12007,Bradford,FL,Florida
36047,Kings,NY,New York
30029,Flathead,MT,Montana
30093,Silver Bow,MT,Montana
01005,Barbour,AL,Alabama
72039,Ciales,PR,Puerto Rico
06103,Tehama,CA,California
02050,Bethel,AK,Alaska
22041,Franklin,LA,Louisiana
02100,Haines,AK,Alaska
69085,Northern Islands,MP,Commonwealth of the Northern Mariana Islands
06089,Shasta,CA,California
13001,Appling,GA,Georgia
53007,Chelan,WA,Washington
24001,Allegany,MD,Maryland
72031,Carolina,PR,Puerto Rico
01091,Marengo,AL,Alabama
37125,Moore,NC,North Carolina
46117,Stanley,SD,South Dakota
36065,Oneida,NY,New York
51161,Roanoke,VA,Virginia
54013,Calhoun,WV,West Virginia
08015,Chaffee,CO,Colorado
02164,Lake and Peninsula,AK,Alaska
42061,Huntingdon,PA,Pennsylvania
48205,Hartley,TX,Texas
01085,Lowndes,AL,Alabama
05099,Nevada,AR,Arkansas
05075,Lawrence,AR,Arkansas
06107,Tulare,CA,California
06071,San Bernardino,CA,California
16039,Elmore,ID,Idaho
55043,Grant,WI,Wisconsin
45071,Newberry,SC,South Carolina
48155,Foard,TX,Texas
47059,Greene,TN,Tennessee
45063,Lexington,SC,South Carolina
41055,Sherman,OR,Oregon
36103,Suffolk,NY,New York
48393,Roberts,TX,Texas
30047,Lake,MT,Montana
47157,Shelby,TN,Tennessee
44005,Newport,RI,Rhode Island
22085,Sabine,LA,Louisiana
19091,Humboldt,IA,Iowa
33007,Coos,NH,New Hampshire
53075,Whitman,WA,Washington
26013,Baraga,MI,Michigan
24035,Queen Anne's,MD,Maryland
25013,Hampden,MA,Massachusetts
25021,Norfolk,MA,Massachusetts
23015,Lincoln,ME,Maine
45061,Lee,SC,South Carolina
48167,Galveston,TX,Texas
49035,Salt Lake,UT,Utah
51007,Amelia,VA,Virginia
37023,Burke,NC,North Carolina
06097,Sonoma,CA,California
48395,Robertson,TX,Texas
50009,Essex,VT,Vermont
51139,Page,VA,Virginia
37133,Onslow,NC,North Carolina
13139,Hall,GA,Georgia
37015,Bertie,NC,North Carolina
36077,Otsego,NY,New York
12031,Duval,FL,Florida
34005,Burlington,NJ,New Jersey
48245,Jefferson,TX,Texas
27077,Lake of the Woods,MN,Minnesota
51147,Prince Edward,VA,Virginia
06025,Imperial,CA,California
08029,Delta,CO,Colorado
10001,Kent,DE,Delaware
12033,Escambia,FL,Florida
48457,Tyler,TX,Texas
19111,Lee,IA,Iowa
48215,Hidalgo,TX,Texas
48413,Schleicher,TX,Texas
32027,Pershing,NV,Nevada
22111,Union,LA,Louisiana
13317,Wilkes,GA,Georgia
13305,Wayne,GA,Georgia
01001,Autauga,AL,Alabama
45055,Kershaw,SC,South Carolina
51149,Prince George,VA,Virginia
19147,Palo Alto,IA,Iowa
02020,Anchorage,AK,Alaska
22115,Vernon,LA,Louisiana
53015,Cowlitz,WA,Washington
08109,Saguache,CO,Colorado
30105,Valley,MT,Montana
48441,Taylor,TX,Texas
12089,Nassau,FL,Florida
18069,Huntington,IN,Indiana
48373,Polk,TX,Texas
16079,Shoshone,ID,Idaho
51175,Southampton,VA,Virginia
29205,Shelby,MO,Missouri
47175,Van Buren,TN,Tennessee
47185,White,TN,Tennessee
47041,DeKalb,TN,Tennessee
49029,Morgan,UT,Utah
21205,Rowan,KY,Kentucky
21079,Garrard,KY,Kentucky
22071,Orleans,LA,Louisiana
51840,Winchester,VA,Virginia
21181,Nicholas,KY,Kentucky
27171,Wright,MN,Minnesota
36043,Herkimer,NY,New York
08117,Summit,CO,Colorado
48315,Marion,TX,Texas
47123,Monroe,TN,Tennessee
48219,Hockley,TX,Texas
05011,Bradley,AR,Arkansas
05103,Ouachita,AR,Arkansas
09007,Middlesex,CT,Connecticut
48277,Lamar,TX,Texas
20003,Anderson,KS,Kansas
42035,Clinton,PA,Pennsylvania
22059,LaSalle,LA,Louisiana
37137,Pamlico,NC,North Carolina
28029,Copiah,MS,Mississippi
45019,Charleston,SC,South Carolina
12009,Brevard,FL,Florida
29095,Jackson,MO,Missouri
05139,Union,AR,Arkansas
54019,Fayette,WV,West Virginia
18161,Union,IN,Indiana
05029,Conway,AR,Arkansas
37123,Montgomery,NC,North Carolina
12086,Miami-Dade,FL,Florida
51193,Westmoreland,VA,Virginia
06027,Inyo,CA,California
06053,Monterey,CA,California
35039,Rio Arriba,NM,New Mexico
51171,Shenandoah,VA,Virginia
42003,Allegheny,PA,Pennsylvania
19033,Cerro Gordo,IA,Iowa
36045,Jefferson,NY,New York
09009,New Haven,CT,Connecticut
48171,Gillespie,TX,Texas
04021,Pinal,AZ,Arizona
06093,Siskiyou,CA,California
24031,Montgomery,MD,Maryland
01117,Shelby,AL,Alabama
41065,Wasco,OR,Oregon
54045,Logan,WV,West Virginia
48401,Rusk,TX,Texas
17003,Alexander,IL,Illinois
02188,Northwest Arctic,AK,Alaska
23027,Waldo,ME,Maine
37193,Wilkes,NC,North Carolina
48129,Donley,TX,Texas
21179,Nelson,KY,Kentucky
54023,Grant,WV,West Virginia
36053,Madison,NY,New York
13051,Chatham,GA,Georgia
38077,Richland,ND,North Dakota
22009,Avoyelles,LA,Louisiana
02195,Petersburg,AK,Alaska
48349,Navarro,TX,Texas
40133,Seminole,OK,Oklahoma
53027,Grays Harbor,WA,Washington
24017,Charles,MD,Maryland
48071,Chambers,TX,Texas
12053,Hernando,FL,Florida
53017,Douglas,WA,Washington
28017,Chickasaw,MS,Mississippi
21097,Harrison,KY,Kentucky
51019,Bedford,VA,Virginia
22079,Rapides,LA,Louisiana
34025,Monmouth,NJ,New Jersey
35007,Colfax,NM,New Mexico
28137,Tate,MS,Mississippi
27075,Lake,MN,Minnesota
48391,Refugio,TX,Texas
28033,DeSoto,MS,Mississippi
06017,El Dorado,CA,California
30045,Judith Basin,MT,Montana
40101,Muskogee,OK,Oklahoma
21059,Daviess,KY,Kentucky
28109,Pearl River,MS,Mississippi
06003,Alpine,CA,California
28163,Yazoo,MS,Mississippi
24013,Carroll,MD,Maryland
47091,Johnson,TN,Tennessee
08055,Huerfano,CO,Colorado
60040,Swains Island,AS,American Samoa
49037,San Juan,UT,Utah
40065,Jackson,OK,Oklahoma
47089,Jefferson,TN,Tennessee
21189,Owsley,KY,Kentucky
12107,Putnam,FL,Florida
55023,Crawford,WI,Wisconsin
40031,Comanche,OK,Oklahoma
12023,Columbia,FL,Florida
18083,Knox,IN,Indiana
45025,Chesterfield,SC,South Carolina
37009,Ashe,NC,North Carolina
51057,Essex,VA,Virginia
02240,Southeast Fairbanks,AK,Alaska
55003,Ashland,WI,Wisconsin
37019,Brunswick,NC,North Carolina
46125,Turner,SD,South Dakota
32033,White Pine,NV,Nevada
45007,Anderson,SC,South Carolina
49005,Cache,UT,Utah
54109,Wyoming,WV,West Virginia
05045,Faulkner,AR,Arkansas
54039,Kanawha,WV,West Virginia
13135,Gwinnett,GA,Georgia
40025,Cimarron,OK,Oklahoma
60010,Eastern,AS,American Samoa
18001,Adams,IN,Indiana
22097,St. Landry,LA,Louisiana
51121,Montgomery,VA,Virginia
48313,Madison,TX,Texas
02290,Yukon-Koyukuk,AK,Alaska
30011,Carter,MT,Montana
22005,Ascension,LA,Louisiana
45041,Florence,SC,South Carolina
53009,Clallam,WA,Washington
21065,Estill,KY,Kentucky
48453,Travis,TX,Texas
29197,Schuyler,MO,Missouri
22015,Bossier,LA,Louisiana
13029,Bryan,GA,Georgia
13303,Washington,GA,Georgia
37171,Surry,NC,North Carolina
28021,Claiborne,MS,Mississippi
46095,Mellette,SD,South Dakota
48335,Mitchell,TX,Texas
30039,Granite,MT,Montana
22035,East Carroll,LA,Louisiana
08069,Larimer,CO,Colorado
20143,Ottawa,KS,Kansas
45045,Greenville,SC,South Carolina
22037,East Feliciana,LA,Louisiana
20009,Barton,KS,Kansas
16061,Lewis,ID,Idaho
02070,Dillingham,AK,Alaska
49011,Davis,UT,Utah
35055,Taos,NM,New Mexico
48449,Titus,TX,Texas
30033,Garfield,MT,Montana
48459,Upshur,TX,Texas
06047,Merced,CA,California
36071,Orange,NY,New York
18147,Spencer,IN,Indiana
46047,Fall River,SD,South Dakota
25011,Franklin,MA,Massachusetts
51083,Halifax,VA,Virginia
51095,James City,VA,Virginia
16041,Franklin,ID,Idaho
45083,Spartanburg,SC,South Carolina
39167,Washington,OH,Ohio
42045,Delaware,PA,Pennsylvania
08093,Park,CO,Colorado
37051,Cumberland,NC,North Carolina
30031,Gallatin,MT,Montana
22039,Evangeline,LA,Louisiana
19093,Ida,IA,Iowa
01009,Blount,AL,Alabama
22001,Acadia,LA,Louisiana
51191,Washington,VA,Virginia
37021,Buncombe,NC,North Carolina
23017,Oxford,ME,Maine
33009,Grafton,NH,New Hampshire
16037,Custer,ID,Idaho
37139,Pasquotank,NC,North Carolina
38067,Pembina,ND,North Dakota
48175,Goliad,TX,Texas
19149,Plymouth,IA,Iowa
54081,Raleigh,WV,West Virginia
40067,Jefferson,OK,Oklahoma
26143,Roscommon,MI,Michigan
13185,Lowndes,GA,Georgia
17047,Edwards,IL,Illinois
28087,Lowndes,MS,Mississippi
42091,Montgomery,PA,Pennsylvania
42053,Forest,PA,Pennsylvania
30013,Cascade,MT,Montana
42017,Bucks,PA,Pennsylvania
48405,San Augustine,TX,Texas
41017,Deschutes,OR,Oregon
38099,Walsh,ND,North Dakota
08071,Las Animas,CO,Colorado
08057,Jackson,CO,Colorado
48303,Lubbock,TX,Texas
13289,Twiggs,GA,Georgia
12049,Hardee,FL,Florida
48409,San Patricio,TX,Texas
54075,Pocahontas,WV,West Virginia
42101,Philadelphia,PA,Pennsylvania
51023,Botetourt,VA,Virginia
53019,Ferry,WA,Washington
21101,Henderson,KY,Kentucky
54065,Morgan,WV,West Virginia
48225,Houston,TX,Texas
13205,Mitchell,GA,Georgia
30081,Ravalli,MT,Montana
53047,Okanogan,WA,Washington
47141,Putnam,TN,Tennessee
72141,Utuado,PR,Puerto Rico
45075,Orangeburg,SC,South Carolina
05095,Monroe,AR,Arkansas
21193,Perry,KY,Kentucky
22083,Richland,LA,Louisiana
16087,Washington,ID,Idaho
01099,Monroe,AL,Alabama
22051,Jefferson,LA,Louisiana
39121,Noble,OH,Ohio
02282,Yakutat,AK,Alaska
46075,Jones,SD,South Dakota
45085,Sumter,SC,South Carolina
37029,Camden,NC,North Carolina
56031,Platte,WY,Wyoming
51157,Rappahannock,VA,Virginia
45067,Marion,SC,South Carolina
48403,Sabine,TX,Texas
30005,Blaine,MT,Montana
08045,Garfield,CO,Colorado
37155,Robeson,NC,North Carolina
48347,Nacogdoches,TX,Texas
48067,Cass,TX,Texas
13201,Miller,GA,Georgia
29037,Cass,MO,Missouri
21005,Anderson,KY,Kentucky
12017,Citrus,FL,Florida
21051,Clay,KY,Kentucky
06005,Amador,CA,California
13089,DeKalb,GA,Georgia
37173,Swain,NC,North Carolina
08053,Hinsdale,CO,Colorado
21003,Allen,KY,Kentucky
22127,Winn,LA,Louisiana
47189,Wilson,TN,Tennessee
12117,Seminole,FL,Florida
28039,George,MS,Mississippi
72113,Ponce,PR,Puerto Rico
12039,Gadsden,FL,Florida
21033,Caldwell,KY,Kentucky
35033,Mora,NM,New Mexico
08027,Custer,CO,Colorado
02220,Sitka,AK,Alaska
22125,West Feliciana,LA,Louisiana
44009,Washington,RI,Rhode Island
51063,Floyd,VA,Virginia
42133,York,PA,Pennsylvania
20119,Meade,KS,Kansas
37093,Hoke,NC,North Carolina
13013,Barrow,GA,Georgia
12045,Gulf,FL,Florida
13027,Brooks,GA,Georgia
31013,Box Butte,NE,Nebraska
05003,Ashley,AR,Arkansas
05007,Benton,AR,Arkansas
21127,Lawrence,KY,Kentucky
06009,Calaveras,CA,California
46137,Ziebach,SD,South Dakota
20203,Wichita,KS,Kansas
51061,Fauquier,VA,Virginia
48045,Briscoe,TX,Texas
20081,Haskell,KS,Kansas
48201,Harris,TX,Texas
27165,Watonwan,MN,Minnesota
22065,Madison,LA,Louisiana
39117,Morrow,OH,Ohio
36111,Ulster,NY,New York
06085,Santa Clara,CA,California
04009,Graham,AZ,Arizona
29063,DeKalb,MO,Missouri
32003,Clark,NV,Nevada
12121,Suwannee,FL,Florida
37091,Hertford,NC,North Carolina
48343,Morris,TX,Texas
47107,McMinn,TN,Tennessee
13079,Crawford,GA,Georgia
48371,Pecos,TX,Texas
46073,Jerauld,SD,South Dakota
12065,Jefferson,FL,Florida
47165,Sumner,TN,Tennessee
13033,Burke,GA,Georgia
20079,Harvey,KS,Kansas
42089,Monroe,PA,Pennsylvania
51165,Rockingham,VA,Virginia
51159,Richmond,VA,Virginia
37027,Caldwell,NC,North Carolina
48241,Jasper,TX,Texas
31049,Deuel,NE,Nebraska
46111,Sanborn,SD,South Dakota
49013,Duchesne,UT,Utah
51141,Patrick,VA,Virginia
21031,Butler,KY,Kentucky
06087,Santa Cruz,CA,California
24005,Baltimore,MD,Maryland
51119,Middlesex,VA,Virginia
34031,Passaic,NJ,New Jersey
72023,Cabo Rojo,PR,Puerto Rico
06083,Santa Barbara,CA,California
51111,Lunenburg,VA,Virginia
45047,Greenwood,SC,South Carolina
31155,Saunders,NE,Nebraska
13241,Rabun,GA,Georgia
51091,Highland,VA,Virginia
21151,Madison,KY,Kentucky
26129,Ogemaw,MI,Michigan
27031,Cook,MN,Minnesota
29023,Butler,MO,Missouri
28157,Wilkinson,MS,Mississippi
13137,Habersham,GA,Georgia
13151,Henry,GA,Georgia
53029,Island,WA,Washington
47057,Grainger,TN,Tennessee
42043,Dauphin,PA,Pennsylvania
21195,Pike,KY,Kentucky
48333,Mills,TX,Texas
34003,Bergen,NJ,New Jersey
21175,Morgan,KY,Kentucky
37129,New Hanover,NC,North Carolina
04013,Maricopa,AZ,Arizona
01049,DeKalb,AL,Alabama
02150,Kodiak Island,AK,Alaska
37183,Wake,NC,North Carolina
06051,Mono,CA,California
48233,Hutchinson,TX,Texas
37013,Beaufort,NC,North Carolina
47013,Campbell,TN,Tennessee
56039,Teton,WY,Wyoming
24037,St. Mary's,MD,Maryland
30023,Deer Lodge,MT,Montana
48041,Brazos,TX,Texas
12075,Levy,FL,Florida
42023,Cameron,PA,Pennsylvania
54041,Lewis,WV,West Virginia
12057,Hillsborough,FL,Florida
53049,Pacific,WA,Washington
20025,Clark,KS,Kansas
37167,Stanly,NC,North Carolina
01071,Jackson,AL,Alabama
28159,Winston,MS,Mississippi
11001,District of Columbia,DC,District of Columbia
12103,Pinellas,FL,Florida
48411,San Saba,TX,Texas
46103,Pennington,SD,South Dakota
30087,Rosebud,MT,Montana
51087,Henrico,VA,Virginia
42125,Washington,PA,Pennsylvania
48359,Oldham,TX,Texas
26097,Mackinac,MI,Michigan
45087,Union,SC,South Carolina
48427,Starr,TX,Texas
20123,Mitchell,KS,Kansas
48105,Crockett,TX,Texas
48467,Van Zandt,TX,Texas
25007,Dukes,MA,Massachusetts
27103,Nicollet,MN,Minnesota
51093,Isle of Wight,VA,Virginia
26089,Leelanau,MI,Michigan
08115,Sedgwick,CO,Colorado
49007,Carbon,UT,Utah
53073,Whatcom,WA,Washington
13179,Liberty,GA,Georgia
48351,Newton,TX,Texas
04001,Apache,AZ,Arizona
51041,Chesterfield,VA,Virginia
40023,Choctaw,OK,Oklahoma
13195,Madison,GA,Georgia
21147,McCreary,KY,Kentucky
51027,Buchanan,VA,Virginia
21085,Grayson,KY,Kentucky
37057,Davidson,NC,North Carolina
26033,Chippewa,MI,Michigan
06073,San Diego,CA,California
18123,Perry,IN,Indiana
48017,Bailey,TX,Texas
28055,Issaquena,MS,Mississippi
06105,Trinity,CA,California
51101,King William,VA,Virginia
34009,Cape May,NJ,New Jersey
21235,Whitley,KY,Kentucky
66010,Guam,GU,Guam
19029,Cass,IA,Iowa
38085,Sioux,ND,North Dakota
21095,Harlan,KY,Kentucky
37017,Bladen,NC,North Carolina
21099,Hart,KY,Kentucky
48169,Garza,TX,Texas
48033,Borden,TX,Texas
02170,Matanuska-Susitna,AK,Alaska
47135,Perry,TN,Tennessee
16033,Clark,ID,Idaho
42075,Lebanon,PA,Pennsylvania
48475,Ward,TX,Texas
41031,Jefferson,OR,Oregon
12083,Marion,FL,Florida
49033,Rich,UT,Utah
47129,Morgan,TN,Tennessee
37087,Haywood,NC,North Carolina
50023,Washington,VT,Vermont
55121,Trempealeau,WI,Wisconsin
48157,Fort Bend,TX,Texas
29157,Perry,MO,Missouri
48321,Matagorda,TX,Texas
23009,Hancock,ME,Maine
13269,Taylor,GA,Georgia
40117,Pawnee,OK,Oklahoma
13189,McDuffie,GA,Georgia
22103,St. Tammany,LA,Louisiana
05057,Hempstead,AR,Arkansas
46023,Charles Mix,SD,South Dakota
21153,Magoffin,KY,Kentucky
55007,Bayfield,WI,Wisconsin
48013,Atascosa,TX,Texas
37101,Johnston,NC,North Carolina
54099,Wayne,WV,West Virginia
47005,Benton,TN,Tennessee
48499,Wood,TX,Texas
48083,Coleman,TX,Texas
21135,Lewis,KY,Kentucky
51051,Dickenson,VA,Virginia
34023,Middlesex,NJ,New Jersey
40095,Marshall,OK,Oklahoma
48031,Blanco,TX,Texas
12055,Highlands,FL,Florida
37089,Henderson,NC,North Carolina
48339,Montgomery,TX,Texas
27127,Redwood,MN,Minnesota
34027,Morris,NJ,New Jersey
41015,Curry,OR,Oregon
01003,Baldwin,AL,Alabama
48079,Cochran,TX,Texas
30061,Mineral,MT,Montana
16015,Boise,ID,Idaho
30025,Fallon,MT,Montana
24039,Somerset,MD,Maryland
55029,Door,WI,Wisconsin
21155,Marion,KY,Kentucky
01047,Dallas,AL,Alabama
13191,McIntosh,GA,Georgia
47063,Hamblen,TN,Tennessee
46035,Davison,SD,South Dakota
16049,Idaho,ID,Idaho
05063,Independence,AR,Arkansas
12027,DeSoto,FL,Florida
21187,Owen,KY,Kentucky
26163,Wayne,MI,Michigan
41039,Lane,OR,Oregon
51143,Pittsylvania,VA,Virginia
72147,Vieques,PR,Puerto Rico
30043,Jefferson,MT,Montana
54007,Braxton,WV,West Virginia
48455,Trinity,TX,Texas
01119,Sumter,AL,Alabama
48419,Shelby,TX,Texas
04012,La Paz,AZ,Arizona
20113,McPherson,KS,Kansas
06019,Fresno,CA,California
20055,Finney,KS,Kansas
47085,Humphreys,TN,Tennessee
37153,Richmond,NC,North Carolina
02180,Nome,AK,Alaska
42059,Greene,PA,Pennsylvania
29027,Callaway,MO,Missouri
46007,Bennett,SD,South Dakota
22067,Morehouse,LA,Louisiana
37165,Scotland,NC,North Carolina
08095,Phillips,CO,Colorado
40141,Tillman,OK,Oklahoma
12113,Santa Rosa,FL,Florida
35029,Luna,NM,New Mexico
12079,Madison,FL,Florida
12041,Gilchrist,FL,Florida
38071,Ramsey,ND,North Dakota
26079,Kalkaska,MI,Michigan
05131,Sebastian,AR,Arkansas
51015,Augusta,VA,Virginia
40125,Pottawatomie,OK,Oklahoma
26109,Menominee,MI,Michigan
16063,Lincoln,ID,Idaho
35045,San Juan,NM,New Mexico
48007,Aransas,TX,Texas
08083,Montezuma,CO,Colorado
36091,Saratoga,NY,New York
33015,Rockingham,NH,New Hampshire
05145,White,AR,Arkansas
01121,Talladega,AL,Alabama
30053,Lincoln,MT,Montana
48323,Maverick,TX,Texas
20185,Stafford,KS,Kansas
28069,Kemper,MS,Mississippi
47145,Roane,TN,Tennessee
48355,Nueces,TX,Texas
51127,New Kent,VA,Virginia
34001,Atlantic,NJ,New Jersey
13039,Camden,GA,Georgia
28149,Warren,MS,Mississippi
21067,Fayette,KY,Kentucky
46085,Lyman,SD,South Dakota
45029,Colleton,SC,South Carolina
21131,Leslie,KY,Kentucky
40027,Cleveland,OK,Oklahoma
51690,Martinsville,VA,Virginia
13009,Baldwin,GA,Georgia
19163,Scott,IA,Iowa
13181,Lincoln,GA,Georgia
28007,Attala,MS,Mississippi
34033,Salem,NJ,New Jersey
26039,Crawford,MI,Michigan
19117,Lucas,IA,Iowa
18117,Orange,IN,Indiana
19069,Franklin,IA,Iowa
18055,Greene,IN,Indiana
26073,Isabella,MI,Michigan
39159,Union,OH,Ohio
19135,Monroe,IA,Iowa
05009,Boone,AR,Arkansas
26023,Branch,MI,Michigan
42009,Bedford,PA,Pennsylvania
42121,Venango,PA,Pennsylvania
13233,Polk,GA,Georgia
21197,Powell,KY,Kentucky
27081,Lincoln,MN,Minnesota
39099,Mahoning,OH,Ohio
35023,Hidalgo,NM,New Mexico
54001,Barbour,WV,West Virginia
28053,Humphreys,MS,Mississippi
05067,Jackson,AR,Arkansas
17185,Wabash,IL,Illinois
49001,Beaver,UT,Utah
48473,Waller,TX,Texas
01043,Cullman,AL,Alabama
02158,Kusilvak,AK,Alaska
45065,McCormick,SC,South Carolina
06011,Colusa,CA,California
06045,Mendocino,CA,California
46087,McCook,SD,South Dakota
37177,Tyrrell,NC,North Carolina
36033,Franklin,NY,New York
20139,Osage,KS,Kansas
55115,Shawano,WI,Wisconsin
06029,Kern,CA,California
29217,Vernon,MO,Missouri
55095,Polk,WI,Wisconsin
10003,New Castle,DE,Delaware
12087,Monroe,FL,Florida
45069,Marlboro,SC,South Carolina
01065,Hale,AL,Alabama
53035,Kitsap,WA,Washington
20135,Ness,KS,Kansas
55001,Adams,WI,Wisconsin
48361,Orange,TX,Texas
13121,Fulton,GA,Georgia
21133,Letcher,KY,Kentucky
48119,Delta,TX,Texas
48173,Glasscock,TX,Texas
08013,Boulder,CO,Colorado
27021,Cass,MN,Minnesota
29041,Chariton,MO,Missouri
17143,Peoria,IL,Illinois
55045,Green,WI,Wisconsin
22027,Claiborne,LA,Louisiana
26157,Tuscola,MI,Michigan
21039,Carlisle,KY,Kentucky
46099,Minnehaha,SD,South Dakota
46061,Hanson,SD,South Dakota
42079,Luzerne,PA,Pennsylvania
17033,Crawford,IL,Illinois
27079,Le Sueur,MN,Minnesota
27091,Martin,MN,Minnesota
55005,Barron,WI,Wisconsin
38009,Bottineau,ND,North Dakota
55053,Jackson,WI,Wisconsin
29159,Pettis,MO,Missouri
39091,Logan,OH,Ohio
46005,Beadle,SD,South Dakota
18105,Monroe,IN,Indiana
19055,Delaware,IA,Iowa
19067,Floyd,IA,Iowa
05087,Madison,AR,Arkansas
46039,Deuel,SD,South Dakota
49057,Weber,UT,Utah
26153,Schoolcraft,MI,Michigan
50025,Windham,VT,Vermont
18017,Cass,IN,Indiana
56021,Laramie,WY,Wyoming
27059,Isanti,MN,Minnesota
48263,Kent,TX,Texas
54105,Wirt,WV,West Virginia
39067,Harrison,OH,Ohio
39065,Hardin,OH,Ohio
31003,Antelope,NE,Nebraska
37081,Guilford,NC,North Carolina
46101,Moody,SD,South Dakota
26027,Cass,MI,Michigan
32023,Nye,NV,Nevada
36011,Cayuga,NY,New York
23011,Kennebec,ME,Maine
29117,Livingston,MO,Missouri
48069,Castro,TX,Texas
56009,Converse,WY,Wyoming
41025,Harney,OR,Oregon
41069,Wheeler,OR,Oregon
49055,Wayne,UT,Utah
55085,Oneida,WI,Wisconsin
72135,Toa Alta,PR,Puerto Rico
18091,LaPorte,IN,Indiana
37195,Wilson,NC,North Carolina
38041,Hettinger,ND,North Dakota
44003,Kent,RI,Rhode Island
31123,Morrill,NE,Nebraska
39113,Montgomery,OH,Ohio
49009,Daggett,UT,Utah
37025,Cabarrus,NC,North Carolina
29007,Audrain,MO,Missouri
39063,Hancock,OH,Ohio
29151,Osage,MO,Missouri
31001,Adams,NE,Nebraska
32019,Lyon,NV,Nevada
30107,Wheatland,MT,Montana
05049,Fulton,AR,Arkansas
55141,Wood,WI,Wisconsin
05047,Franklin,AR,Arkansas
17055,Franklin,IL,Illinois
17029,Coles,IL,Illinois
55067,Langlade,WI,Wisconsin
28113,Pike,MS,Mississippi
29107,Lafayette,MO,Missouri
13015,Bartow,GA,Georgia
29011,Barton,MO,Missouri
72067,Hormigueros,PR,Puerto Rico
42073,Lawrence,PA,Pennsylvania
29121,Macon,MO,Missouri
13143,Haralson,GA,Georgia
17053,Ford,IL,Illinois
42069,Lackawanna,PA,Pennsylvania
39103,Medina,OH,Ohio
13173,Lanier,GA,Georgia
17025,Clay,IL,Illinois
26017,Bay,MI,Michigan
39075,Holmes,OH,Ohio
13239,Quitman,GA,Georgia
36101,Steuben,NY,New York
54035,Jackson,WV,West Virginia
38061,Mountrail,ND,North Dakota
17201,Winnebago,IL,Illinois
31043,Dakota,NE,Nebraska
20093,Kearny,KS,Kansas
29043,Christian,MO,Missouri
18077,Jefferson,IN,Indiana
48049,Brown,TX,Texas
27049,Goodhue,MN,Minnesota
37037,Chatham,NC,North Carolina
35028,Los Alamos,NM,New Mexico
05005,Baxter,AR,Arkansas
28119,Quitman,MS,Mississippi
01029,Cleburne,AL,Alabama
48117,Deaf Smith,TX,Texas
27001,Aitkin,MN,Minnesota
42037,Columbia,PA,Pennsylvania
27117,Pipestone,MN,Minnesota
48399,Runnels,TX,Texas
13223,Paulding,GA,Georgia
40011,Blaine,OK,Oklahoma
48417,Shackelford,TX,Texas
36085,Richmond,NY,New York
47083,Houston,TN,Tennessee
47181,Wayne,TN,Tennessee
02013,Aleutians East,AK,Alaska
48281,Lampasas,TX,Texas
29073,Gasconade,MO,Missouri
23029,Washington,ME,Maine
13321,Worth,GA,Georgia
17093,Kendall,IL,Illinois
51800,Suffolk,VA,Virginia
26051,Gladwin,MI,Michigan
51750,Radford,VA,Virginia
29079,Grundy,MO,Missouri
18009,Blackford,IN,Indiana
36041,Hamilton,NY,New York
25019,Nantucket,MA,Massachusetts
48165,Gaines,TX,Texas
38029,Emmons,ND,North Dakota
41037,Lake,OR,Oregon
19137,Montgomery,IA,Iowa
35013,Doña Ana,NM,New Mexico
40035,Craig,OK,Oklahoma
55069,Lincoln,WI,Wisconsin
40143,Tulsa,OK,Oklahoma
01081,Lee,AL,Alabama
47133,Overton,TN,Tennessee
40139,Texas,OK,Oklahoma
48447,Throckmorton,TX,Texas
19095,Iowa,IA,Iowa
26075,Jackson,MI,Michigan
29103,Knox,MO,Missouri
01013,Butler,AL,Alabama
48217,Hill,TX,Texas
47061,Grundy,TN,Tennessee
12111,St. Lucie,FL,Florida
31083,Harlan,NE,Nebraska
31107,Knox,NE,Nebraska
32510,Carson City,NV,Nevada
18183,Whitley,IN,Indiana
48357,Ochiltree,TX,Texas
13037,Calhoun,GA,Georgia
47069,Hardeman,TN,Tennessee
15005,Kalawao,HI,Hawaii
13081,Crisp,GA,Georgia
51740,Portsmouth,VA,Virginia
40029,Coal,OK,Oklahoma
08007,Archuleta,CO,Colorado
29091,Howell,MO,Missouri
31017,Brown,NE,Nebraska
36099,Seneca,NY,New York
17087,Johnson,IL,Illinois
40057,Harmon,OK,Oklahoma
05055,Greene,AR,Arkansas
48253,Jones,TX,Texas
38069,Pierce,ND,North Dakota
18143,Scott,IN,Indiana
40137,Stephens,OK,Oklahoma
47177,Warren,TN,Tennessee
13061,Clay,GA,Georgia
21083,Graves,KY,Kentucky
31047,Dawson,NE,Nebraska
37073,Gates,NC,North Carolina
26125,Oakland,MI,Michigan
55071,Manitowoc,WI,Wisconsin
13207,Monroe,GA,Georgia
28031,Covington,MS,Mississippi
40151,Woods,OK,Oklahoma
01045,Dale,AL,Alabama
17135,Montgomery,IL,Illinois
17173,Shelby,IL,Illinois
39033,Crawford,OH,Ohio
40097,Mayes,OK,Oklahoma
55049,Iowa,WI,Wisconsin
19025,Calhoun,IA,Iowa
72153,Yauco,PR,Puerto Rico
48477,Washington,TX,Texas
51770,Roanoke,VA,Virginia
13199,Meriwether,GA,Georgia
16017,Bonner,ID,Idaho
33013,Merrimack,NH,New Hampshire
17139,Moultrie,IL,Illinois
40001,Adair,OK,Oklahoma
01061,Geneva,AL,Alabama
31179,Wayne,NE,Nebraska
08125,Yuma,CO,Colorado
20137,Norton,KS,Kansas
48439,Tarrant,TX,Texas
72047,Corozal,PR,Puerto Rico
48209,Hays,TX,Texas
13175,Laurens,GA,Georgia
42057,Fulton,PA,Pennsylvania
17163,St. Clair,IL,Illinois
21045,Casey,KY,Kentucky
26093,Livingston,MI,Michigan
72131,San Sebastián,PR,Puerto Rico
72017,Barceloneta,PR,Puerto Rico
21047,Christian,KY,Kentucky
31133,Pawnee,NE,Nebraska
22061,Lincoln,LA,Louisiana
18025,Crawford,IN,Indiana
05119,Pulaski,AR,Arkansas
29225,Webster,MO,Missouri
48423,Smith,TX,Texas
19013,Black Hawk,IA,Iowa
21173,Montgomery,KY,Kentucky
31113,Logan,NE,Nebraska
13063,Clayton,GA,Georgia
48021,Bastrop,TX,Texas
19109,Kossuth,IA,Iowa
27109,Olmsted,MN,Minnesota
18029,Dearborn,IN,Indiana
39031,Coshocton,OH,Ohio
46105,Perkins,SD,South Dakota
48059,Callahan,TX,Texas
50003,Bennington,VT,Vermont
28025,Clay,MS,Mississippi
20167,Russell,KS,Kansas
47051,Franklin,TN,Tennessee
48135,Ector,TX,Texas
47111,Macon,TN,Tennessee
29013,Bates,MO,Missouri
48293,Limestone,TX,Texas
48319,Mason,TX,Texas
47161,Stewart,TN,Tennessee
35027,Lincoln,NM,New Mexico
19197,Wright,IA,Iowa
18011,Boone,IN,Indiana
17049,Effingham,IL,Illinois
48047,Brooks,TX,Texas
72025,Caguas,PR,Puerto Rico
53069,Wahkiakum,WA,Washington
47131,Obion,TN,Tennessee
20169,Saline,KS,Kansas
21207,Russell,KY,Kentucky
17133,Monroe,IL,Illinois
26161,Washtenaw,MI,Michigan
36021,Columbia,NY,New York
39015,Brown,OH,Ohio
12109,St. Johns,FL,Florida
20085,Jackson,KS,Kansas
12003,Baker,FL,Florida
40081,Lincoln,OK,Oklahoma
13095,Dougherty,GA,Georgia
12035,Flagler,FL,Florida
47153,Sequatchie,TN,Tennessee
42021,Cambria,PA,Pennsylvania
18053,Grant,IN,Indiana
55031,Douglas,WI,Wisconsin
36121,Wyoming,NY,New York
18093,Lawrence,IN,Indiana
40019,Carter,OK,Oklahoma
22007,Assumption,LA,Louisiana
47067,Hancock,TN,Tennessee
53063,Spokane,WA,Washington
48445,Terry,TX,Texas
41063,Wallowa,OR,Oregon
49049,Utah,UT,Utah
26019,Benzie,MI,Michigan
17183,Vermilion,IL,Illinois
20019,Chautauqua,KS,Kansas
55027,Dodge,WI,Wisconsin
19121,Madison,IA,Iowa
20089,Jewell,KS,Kansas
51011,Appomattox,VA,Virginia
39169,Wayne,OH,Ohio
31125,Nance,NE,Nebraska
31097,Johnson,NE,Nebraska
31101,Keith,NE,Nebraska
30041,Hill,MT,Montana
72043,Coamo,PR,Puerto Rico
17095,Knox,IL,Illinois
37145,Person,NC,North Carolina
46067,Hutchinson,SD,South Dakota
54061,Monongalia,WV,West Virginia
40093,Major,OK,Oklahoma
31135,Perkins,NE,Nebraska
12051,Hendry,FL,Florida
17099,LaSalle,IL,Illinois
21113,Jessamine,KY,Kentucky
72143,Vega Alta,PR,Puerto Rico
35061,Valencia,NM,New Mexico
05027,Columbia,AR,Arkansas
40009,Beckham,OK,Oklahoma
72065,Hatillo,PR,Puerto Rico
48237,Jack,TX,Texas
27131,Rice,MN,Minnesota
46081,Lawrence,SD,South Dakota
46015,Brule,SD,South Dakota
51043,Clarke,VA,Virginia
48211,Hemphill,TX,Texas
38007,Billings,ND,North Dakota
39157,Tuscarawas,OH,Ohio
29089,Howard,MO,Missouri
40105,Nowata,OK,Oklahoma
41041,Lincoln,OR,Oregon
29071,Franklin,MO,Missouri
40129,Roger Mills,OK,Oklahoma
38003,Barnes,ND,North Dakota
42113,Sullivan,PA,Pennsylvania
17107,Logan,IL,Illinois
18087,LaGrange,IN,Indiana
28135,Tallahatchie,MS,Mississippi
05097,Montgomery,AR,Arkansas
51173,Smyth,VA,Virginia
49027,Millard,UT,Utah
48483,Wheeler,TX,Texas
28003,Alcorn,MS,Mississippi
01031,Coffee,AL,Alabama
51620,Franklin,VA,Virginia
23005,Cumberland,ME,Maine
17001,Adams,IL,Illinois
18079,Jennings,IN,Indiana
27067,Kandiyohi,MN,Minnesota
17011,Bureau,IL,Illinois
29125,Maries,MO,Missouri
55065,Lafayette,WI,Wisconsin
40041,Delaware,OK,Oklahoma
29209,Stone,MO,Missouri
48143,Erath,TX,Texas
50013,Grand Isle,VT,Vermont
55129,Washburn,WI,Wisconsin
39133,Portage,OH,Ohio
19019,Buchanan,IA,Iowa
55099,Price,WI,Wisconsin
17059,Gallatin,IL,Illinois
21221,Trigg,KY,Kentucky
31163,Sherman,NE,Nebraska
47011,Bradley,TN,Tennessee
17151,Pope,IL,Illinois
19101,Jefferson,IA,Iowa
19125,Marion,IA,Iowa
39151,Stark,OH,Ohio
19047,Crawford,IA,Iowa
28115,Pontotoc,MS,Mississippi
02130,Ketchikan Gateway,AK,Alaska
39125,Paulding,OH,Ohio
18075,Jay,IN,Indiana
38027,Eddy,ND,North Dakota
05053,Grant,AR,Arkansas
26057,Gratiot,MI,Michigan
31109,Lancaster,NE,Nebraska
31039,Cuming,NE,Nebraska
17119,Madison,IL,Illinois
31167,Stanton,NE,Nebraska
51790,Staunton,VA,Virginia
40083,Logan,OK,Oklahoma
46049,Faulk,SD,South Dakota
29153,Ozark,MO,Missouri
20099,Labette,KS,Kansas
28155,Webster,MS,Mississippi
08061,Kiowa,CO,Colorado
31121,Merrick,NE,Nebraska
02198,Prince of Wales-Hyder,AK,Alaska
20041,Dickinson,KS,Kansas
48093,Comanche,TX,Texas
38063,Nelson,ND,North Dakota
29186,Ste. Genevieve,MO,Missouri
39047,Fayette,OH,Ohio
51540,Charlottesville,VA,Virginia
08099,Prowers,CO,Colorado
42065,Jefferson,PA,Pennsylvania
20145,Pawnee,KS,Kansas
31041,Custer,NE,Nebraska
48363,Palo Pinto,TX,Texas
26025,Calhoun,MI,Michigan
19173,Taylor,IA,Iowa
30073,Pondera,MT,Montana
54063,Monroe,WV,West Virginia
33005,Cheshire,NH,New Hampshire
21143,Lyon,KY,Kentucky
29215,Texas,MO,Missouri
72079,Lajas,PR,Puerto Rico
72005,Aguadilla,PR,Puerto Rico
13259,Stewart,GA,Georgia
54097,Upshur,WV,West Virginia
55063,La Crosse,WI,Wisconsin
37135,Orange,NC,North Carolina
36055,Monroe,NY,New York
36117,Wayne,NY,New York
40021,Cherokee,OK,Oklahoma
17177,Stephenson,IL,Illinois
27047,Freeborn,MN,Minnesota
29053,Cooper,MO,Missouri
16001,Ada,ID,Idaho
17035,Cumberland,IL,Illinois
21009,Barren,KY,Kentucky
18139,Rush,IN,Indiana
26135,Oscoda,MI,Michigan
18101,Martin,IN,Indiana
51700,Newport News,VA,Virginia
26121,Muskegon,MI,Michigan
18035,Delaware,IN,Indiana
39069,Henry,OH,Ohio
05129,Searcy,AR,Arkansas
18171,Warren,IN,Indiana
29061,Daviess,MO,Missouri
35006,Cibola,NM,New Mexico
48191,Hall,TX,Texas
39161,Van Wert,OH,Ohio
13235,Pulaski,GA,Georgia
41027,Hood River,OR,Oregon
18007,Benton,IN,Indiana
20101,Lane,KS,Kansas
16055,Kootenai,ID,Idaho
51735,Poquoson,VA,Virginia
17165,Saline,IL,Illinois
48251,Johnson,TX,Texas
13193,Macon,GA,Georgia
21037,Campbell,KY,Kentucky
12091,Okaloosa,FL,Florida
29067,Douglas,MO,Missouri
28057,Itawamba,MS,Mississippi
31069,Garden,NE,Nebraska
19171,Tama,IA,Iowa
21167,Mercer,KY,Kentucky
51600,Fairfax,VA,Virginia
41071,Yamhill,OR,Oregon
05115,Pope,AR,Arkansas
40061,Haskell,OK,Oklahoma
72093,Maricao,PR,Puerto Rico
13045,Carroll,GA,Georgia
48493,Wilson,TX,Texas
35001,Bernalillo,NM,New Mexico
32007,Elko,NV,Nevada
40043,Dewey,OK,Oklahoma
55033,Dunn,WI,Wisconsin
27085,McLeod,MN,Minnesota
29139,Montgomery,MO,Missouri
38103,Wells,ND,North Dakota
29181,Ripley,MO,Missouri
17149,Pike,IL,Illinois
27133,Rock,MN,Minnesota
29223,Wayne,MO,Missouri
72133,Santa Isabel,PR,Puerto Rico
56017,Hot Springs,WY,Wyoming
37105,Lee,NC,North Carolina
17041,Douglas,IL,Illinois
05023,Cleburne,AR,Arkansas
46029,Codington,SD,South Dakota
01059,Franklin,AL,Alabama
46065,Hughes,SD,South Dakota
39005,Ashland,OH,Ohio
27151,Swift,MN,Minnesota
48077,Clay,TX,Texas
08021,Conejos,CO,Colorado
51640,Galax,VA,Virginia
13023,Bleckley,GA,Georgia
04017,Navajo,AZ,Arizona
20027,Clay,KS,Kansas
18133,Putnam,IN,Indiana
46102,Oglala Lakota,SD,South Dakota
17005,Bond,IL,Illinois
48145,Falls,TX,Texas
05123,St. Francis,AR,Arkansas
17105,Livingston,IL,Illinois
72061,Guaynabo,PR,Puerto Rico
39083,Knox,OH,Ohio
28027,Coahoma,MS,Mississippi
18111,Newton,IN,Indiana
40153,Woodward,OK,Oklahoma
30079,Prairie,MT,Montana
20097,Kiowa,KS,Kansas
18135,Randolph,IN,Indiana
37045,Cleveland,NC,North Carolina
27039,Dodge,MN,Minnesota
42001,Adams,PA,Pennsylvania
46025,Clark,SD,South Dakota
19077,Guthrie,IA,Iowa
20125,Montgomery,KS,Kansas
37189,Watauga,NC,North Carolina
28047,Harrison,MS,Mississippi
17101,Lawrence,IL,Illinois
50019,Orleans,VT,Vermont
72001,Adjuntas,PR,Puerto Rico
47071,Hardin,TN,Tennessee
26059,Hillsdale,MI,Michigan
28077,Lawrence,MS,Mississippi
31137,Phelps,NE,Nebraska
37063,Durham,NC,North Carolina
20037,Crawford,KS,Kansas
19073,Greene,IA,Iowa
08009,Baca,CO,Colorado
28111,Perry,MS,Mississippi
38089,Stark,ND,North Dakota
13169,Jones,GA,Georgia
31081,Hamilton,NE,Nebraska
36037,Genesee,NY,New York
38057,Mercer,ND,North Dakota
45001,Abbeville,SC,South Carolina
51021,Bland,VA,Virginia
21225,Union,KY,Kentucky
20159,Rice,KS,Kansas
31105,Kimball,NE,Nebraska
28101,Newton,MS,Mississippi
48183,Gregg,TX,Texas
46121,Todd,SD,South Dakota
49045,Tooele,UT,Utah
18099,Marshall,IN,Indiana
47101,Lewis,TN,Tennessee
21223,Trimble,KY,Kentucky
01079,Lawrence,AL,Alabama
08011,Bent,CO,Colorado
21001,Adair,KY,Kentucky
01057,Fayette,AL,Alabama
17063,Grundy,IL,Illinois
29085,Hickory,MO,Missouri
56015,Goshen,WY,Wyoming
21015,Boone,KY,Kentucky
28045,Hancock,MS,Mississippi
08103,Rio Blanco,CO,Colorado
12005,Bay,FL,Florida
48309,McLennan,TX,Texas
31175,Valley,NE,Nebraska
20107,Linn,KS,Kansas
06049,Modoc,CA,California
31145,Red Willow,NE,Nebraska
39155,Trumbull,OH,Ohio
55119,Taylor,WI,Wisconsin
38087,Slope,ND,North Dakota
28093,Marshall,MS,Mississippi
29187,St. Francois,MO,Missouri
12099,Palm Beach,FL,Florida
27101,Murray,MN,Minnesota
40073,Kingfisher,OK,Oklahoma
20155,Reno,KS,Kansas
30021,Dawson,MT,Montana
16075,Payette,ID,Idaho
48003,Andrews,TX,Texas
36027,Dutchess,NY,New York
29173,Ralls,MO,Missouri
48271,Kinney,TX,Texas
51013,Arlington,VA,Virginia
28139,Tippah,MS,Mississippi
26139,Ottawa,MI,Michigan
22121,West Baton Rouge,LA,Louisiana
39147,Seneca,OH,Ohio
51660,Harrisonburg,VA,Virginia
18047,Franklin,IN,Indiana
40053,Grant,OK,Oklahoma
39149,Shelby,OH,Ohio
39041,Delaware,OH,Ohio
38001,Adams,ND,North Dakota
39101,Marion,OH,Ohio
36069,Ontario,NY,New York
54089,Summers,WV,West Virginia
21149,McLean,KY,Kentucky
36019,Clinton,NY,New York
27125,Red Lake,MN,Minnesota
29169,Pulaski,MO,Missouri
05149,Yell,AR,Arkansas
31183,Wheeler,NE,Nebraska
50015,Lamoille,VT,Vermont
21057,Cumberland,KY,Kentucky
19195,Worth,IA,Iowa
55135,Waupaca,WI,Wisconsin
27029,Clearwater,MN,Minnesota
16035,Clearwater,ID,Idaho
40049,Garvin,OK,Oklahoma
46003,Aurora,SD,South Dakota
32021,Mineral,NV,Nevada
39037,Darke,OH,Ohio
29115,Linn,MO,Missouri
31095,Jefferson,NE,Nebraska
39021,Champaign,OH,Ohio
51683,Manassas,VA,Virginia
47007,Bledsoe,TN,Tennessee
31055,Douglas,NE,Nebraska
17045,Edgar,IL,Illinois
27003,Anoka,MN,Minnesota
18067,Howard,IN,Indiana
20073,Greenwood,KS,Kansas
13293,Upson,GA,Georgia
05089,Marion,AR,Arkansas
34037,Sussex,NJ,New Jersey
20049,Elk,KS,Kansas
20129,Morton,KS,Kansas
18107,Montgomery,IN,Indiana
21105,Hickman,KY,Kentucky
31159,Seward,NE,Nebraska
17039,De Witt,IL,Illinois
20111,Lyon,KS,Kansas
20115,Marion,KS,Kansas
48115,Dawson,TX,Texas
72041,Cidra,PR,Puerto Rico
08079,Mineral,CO,Colorado
51049,Cumberland,VA,Virginia
29003,Andrew,MO,Missouri
31115,Loup,NE,Nebraska
35037,Quay,NM,New Mexico
48137,Edwards,TX,Texas
18019,Clark,IN,Indiana
51590,Danville,VA,Virginia
51760,Richmond,VA,Virginia
48331,Milam,TX,Texas
12011,Broward,FL,Florida
13005,Bacon,GA,Georgia
72085,Las Piedras,PR,Puerto Rico
72087,Loíza,PR,Puerto Rico
19011,Benton,IA,Iowa
17169,Schuyler,IL,Illinois
48095,Concho,TX,Texas
18165,Vermillion,IN,Indiana
01037,Coosa,AL,Alabama
34039,Union,NJ,New Jersey
55107,Rusk,WI,Wisconsin
17073,Henry,IL,Illinois
48497,Wise,TX,Texas
13227,Pickens,GA,Georgia
31027,Cedar,NE,Nebraska
17147,Piatt,IL,Illinois
17155,Putnam,IL,Illinois
47077,Henderson,TN,Tennessee
55041,Forest,WI,Wisconsin
38021,Dickey,ND,North Dakota
46019,Butte,SD,South Dakota
31129,Nuckolls,NE,Nebraska
46077,Kingsbury,SD,South Dakota
29141,Morgan,MO,Missouri
55101,Racine,WI,Wisconsin
19085,Harrison,IA,Iowa
21141,Logan,KY,Kentucky
26149,St. Joseph,MI,Michigan
48149,Fayette,TX,Texas
46069,Hyde,SD,South Dakota
36057,Montgomery,NY,New York
55017,Chippewa,WI,Wisconsin
39145,Scioto,OH,Ohio
39053,Gallia,OH,Ohio
29097,Jasper,MO,Missouri
28153,Wayne,MS,Mississippi
29111,Lewis,MO,Missouri
19099,Jasper,IA,Iowa
48085,Collin,TX,Texas
48489,Willacy,TX,Texas
27037,Dakota,MN,Minnesota
29057,Dade,MO,Missouri
18129,Posey,IN,Indiana
39055,Geauga,OH,Ohio
08105,Rio Grande,CO,Colorado
17057,Fulton,IL,Illinois
37169,Stokes,NC,North Carolina
48147,Fannin,TX,Texas
48397,Rockwall,TX,Texas
30091,Sheridan,MT,Montana
32029,Storey,NV,Nevada
51680,Lynchburg,VA,Virginia
01027,Clay,AL,Alabama
29045,Clark,MO,Missouri
19119,Lyon,IA,Iowa
37191,Wayne,NC,North Carolina
38049,McHenry,ND,North Dakota
18023,Clinton,IN,Indiana
27115,Pine,MN,Minnesota
13255,Spalding,GA,Georgia
01021,Chilton,AL,Alabama
41059,Umatilla,OR,Oregon
29155,Pemiscot,MO,Missouri
19075,Grundy,IA,Iowa
17061,Greene,IL,Illinois
48275,Knox,TX,Texas
46083,Lincoln,SD,South Dakota
56023,Lincoln,WY,Wyoming
39129,Pickaway,OH,Ohio
18097,Marion,IN,Indiana
40033,Cotton,OK,Oklahoma
20153,Rawlins,KS,Kansas
17181,Union,IL,Illinois
27063,Jackson,MN,Minnesota
17065,Hamilton,IL,Illinois
17145,Perry,IL,Illinois
17131,Mercer,IL,Illinois
13047,Catoosa,GA,Georgia
42081,Lycoming,PA,Pennsylvania
13145,Harris,GA,Georgia
20091,Johnson,KS,Kansas
72077,Juncos,PR,Puerto Rico
72027,Camuy,PR,Puerto Rico
72091,Manatí,PR,Puerto Rico
21091,Hancock,KY,Kentucky
29133,Mississippi,MO,Missouri
13099,Early,GA,Georgia
13149,Heard,GA,Georgia
35011,De Baca,NM,New Mexico
27153,Todd,MN,Minnesota
31161,Sheridan,NE,Nebraska
54091,Taylor,WV,West Virginia
05071,Johnson,AR,Arkansas
48485,Wichita,TX,Texas
29005,Atchison,MO,Missouri
37077,Granville,NC,North Carolina
12021,Collier,FL,Florida
19105,Jones,IA,Iowa
51115,Mathews,VA,Virginia
27019,Carver,MN,Minnesota
48507,Zavala,TX,Texas
50001,Addison,VT,Vermont
50011,Franklin,VT,Vermont
21199,Pulaski,KY,Kentucky
27105,Nobles,MN,Minnesota
27123,Ramsey,MN,Minnesota
13111,Fannin,GA,Georgia
17123,Marshall,IL,Illinois
05031,Craighead,AR,Arkansas
55077,Marquette,WI,Wisconsin
31177,Washington,NE,Nebraska
53039,Klickitat,WA,Washington
54009,Brooke,WV,West Virginia
18113,Noble,IN,Indiana
48099,Coryell,TX,Texas
22019,Calcasieu,LA,Louisiana
72095,Maunabo,PR,Puerto Rico
27007,Beltrami,MN,Minnesota
28081,Lee,MS,Mississippi
40109,Oklahoma,OK,Oklahoma
55091,Pepin,WI,Wisconsin
46135,Yankton,SD,South Dakota
38101,Ward,ND,North Dakota
26021,Berrien,MI,Michigan
36035,Fulton,NY,New York
18005,Bartholomew,IN,Indiana
38047,Logan,ND,North Dakota
39009,Athens,OH,Ohio
13211,Morgan,GA,Georgia
27161,Waseca,MN,Minnesota
42015,Bradford,PA,Pennsylvania
20077,Harper,KS,Kansas
19039,Clarke,IA,Iowa
36039,Greene,NY,New York
12081,Manatee,FL,Florida
13299,Ware,GA,Georgia
72059,Guayanilla,PR,Puerto Rico
33001,Belknap,NH,New Hampshire
26031,Cheboygan,MI,Michigan
16081,Teton,ID,Idaho
13011,Banks,GA,Georgia
36083,Rensselaer,NY,New York
37003,Alexander,NC,North Carolina
31061,Franklin,NE,Nebraska
39111,Monroe,OH,Ohio
27087,Mahnomen,MN,Minnesota
18073,Jasper,IN,Indiana
26043,Dickinson,MI,Michigan
20005,Atchison,KS,Kansas
31085,Hayes,NE,Nebraska
48197,Hardeman,TX,Texas
40005,Atoka,OK,Oklahoma
37109,Lincoln,NC,North Carolina
39171,Williams,OH,Ohio
29051,Cole,MO,Missouri
42055,Franklin,PA,Pennsylvania
13277,Tift,GA,Georgia
39045,Fairfield,OH,Ohio
27157,Wabasha,MN,Minnesota
40149,Washita,OK,Oklahoma
28099,Neshoba,MS,Mississippi
16021,Boundary,ID,Idaho
18145,Shelby,IN,Indiana
26007,Alpena,MI,Michigan
40063,Hughes,OK,Oklahoma
31093,Howard,NE,Nebraska
05077,Lee,AR,Arkansas
27155,Traverse,MN,Minnesota
34029,Ocean,NJ,New Jersey
44001,Bristol,RI,Rhode Island
39073,Hocking,OH,Ohio
17071,Henderson,IL,Illinois
42093,Montour,PA,Pennsylvania
49039,Sanpete,UT,Utah
05135,Sharp,AR,Arkansas
12085,Martin,FL,Florida
40045,Ellis,OK,Oklahoma
39027,Clinton,OH,Ohio
72139,Trujillo Alto,PR,Puerto Rico
72149,Villalba,PR,Puerto Rico
35009,Curry,NM,New Mexico
51595,Emporia,VA,Virginia
31025,Cass,NE,Nebraska
38091,Steele,ND,North Dakota
13225,Peach,GA,Georgia
36095,Schoharie,NY,New York
21035,Calloway,KY,Kentucky
31181,Webster,NE,Nebraska
35041,Roosevelt,NM,New Mexico
05079,Lincoln,AR,Arkansas
09015,Windham,CT,Connecticut
13285,Troup,GA,Georgia
55073,Marathon,WI,Wisconsin
17111,McHenry,IL,Illinois
41067,Washington,OR,Oregon
17013,Calhoun,IL,Illinois
17125,Mason,IL,Illinois
17179,Tazewell,IL,Illinois
45033,Dillon,SC,South Carolina
46027,Clay,SD,South Dakota
72105,Naranjito,PR,Puerto Rico
41057,Tillamook,OR,Oregon
46013,Brown,SD,South Dakota
31119,Madison,NE,Nebraska
29109,Lawrence,MO,Missouri
55039,Fond du Lac,WI,Wisconsin
47139,Polk,TN,Tennessee
40127,Pushmataha,OK,Oklahoma
13065,Clinch,GA,Georgia
31141,Platte,NE,Nebraska
29149,Oregon,MO,Missouri
20039,Decatur,KS,Kansas
55125,Vilas,WI,Wisconsin
55097,Portage,WI,Wisconsin
13059,Clarke,GA,Georgia
19107,Keokuk,IA,Iowa
18173,Warrick,IN,Indiana
06031,Kings,CA,California
48505,Zapata,TX,Texas
06075,San Francisco,CA,California
04011,Greenlee,AZ,Arizona
29127,Marion,MO,Missouri
08119,Teller,CO,Colorado
53057,Skagit,WA,Washington
20173,Sedgwick,KS,Kansas
29167,Polk,MO,Missouri
29137,Monroe,MO,Missouri
36015,Chemung,NY,New York
08101,Pueblo,CO,Colorado
39093,Lorain,OH,Ohio
01093,Marion,AL,Alabama
13097,Douglas,GA,Georgia
56041,Uinta,WY,Wyoming
31149,Rock,NE,Nebraska
51820,Waynesboro,VA,Virginia
17115,Macon,IL,Illinois
28095,Monroe,MS,Mississippi
39143,Sandusky,OH,Ohio
13147,Hart,GA,Georgia
28147,Walthall,MS,Mississippi
05035,Crittenden,AR,Arkansas
27111,Otter Tail,MN,Minnesota
28009,Benton,MS,Mississippi
13273,Terrell,GA,Georgia
02060,Bristol Bay,AK,Alaska
28065,Jefferson Davis,MS,Mississippi
18109,Morgan,IN,Indiana
19051,Davis,IA,Iowa
48257,Kaufman,TX,Texas
13167,Johnson,GA,Georgia
17085,Jo Daviess,IL,Illinois
28161,Yalobusha,MS,Mississippi
28043,Grenada,MS,Mississippi
05033,Crawford,AR,Arkansas
18103,Miami,IN,Indiana
05101,Newton,AR,Arkansas
35025,Lea,NM,New Mexico
13295,Walker,GA,Georgia
21227,Warren,KY,Kentucky
21219,Todd,KY,Kentucky
01039,Covington,AL,Alabama
17171,Scott,IL,Illinois
38073,Ransom,ND,North Dakota
16071,Oneida,ID,Idaho
31139,Pierce,NE,Nebraska
51530,Buena Vista,VA,Virginia
08075,Logan,CO,Colorado
28075,Lauderdale,MS,Mississippi
38079,Rolette,ND,North Dakota
55123,Vernon,WI,Wisconsin
18013,Brown,IN,Indiana
19001,Adair,IA,Iowa
72013,Arecibo,PR,Puerto Rico
13275,Thomas,GA,Georgia
28035,Forrest,MS,Mississippi
47043,Dickson,TN,Tennessee
26095,Luce,MI,Michigan
18041,Fayette,IN,Indiana
48259,Kendall,TX,Texas
46011,Brookings,SD,South Dakota
18119,Owen,IN,Indiana
51079,Greene,VA,Virginia
47015,Cannon,TN,Tennessee
20013,Brown,KS,Kansas
13257,Stephens,GA,Georgia
39039,Defiance,OH,Ohio
72049,Culebra,PR,Puerto Rico
72103,Naguabo,PR,Puerto Rico
46045,Edmunds,SD,South Dakota
01011,Bullock,AL,Alabama
55059,Kenosha,WI,Wisconsin
20065,Graham,KS,Kansas
27051,Grant,MN,Minnesota
20021,Cherokee,KS,Kansas
28011,Bolivar,MS,Mississippi
20051,Ellis,KS,Kansas
01015,Calhoun,AL,Alabama
60030,Rose Island,AS,American Samoa
02016,Aleutians West,AK,Alaska
08025,Crowley,CO,Colorado
20193,Thomas,KS,Kansas
49041,Sevier,UT,Utah
17167,Sangamon,IL,Illinois
27057,Hubbard,MN,Minnesota
19079,Hamilton,IA,Iowa
48113,Dallas,TX,Texas
51678,Lexington,VA,Virginia
12043,Glades,FL,Florida
72051,Dorado,PR,Puerto Rico
13119,Franklin,GA,Georgia
40085,Love,OK,Oklahoma
50005,Caledonia,VT,Vermont
41029,Jackson,OR,Oregon
26101,Manistee,MI,Michigan
51065,Fluvanna,VA,Virginia
01075,Lamar,AL,Alabama
02105,Hoonah-Angoon,AK,Alaska
45023,Chester,SC,South Carolina
72089,Luquillo,PR,Puerto Rico
36049,Lewis,NY,New York
33019,Sullivan,NH,New Hampshire
50021,Rutland,VT,Vermont
29179,Reynolds,MO,Missouri
46115,Spink,SD,South Dakota
19081,Hancock,IA,Iowa
55117,Sheboygan,WI,Wisconsin
48235,Irion,TX,Texas
28019,Choctaw,MS,Mississippi
30019,Daniels,MT,Montana
35005,Chaves,NM,New Mexico
35043,Sandoval,NM,New Mexico
28023,Clarke,MS,Mississippi
39131,Pike,OH,Ohio
27035,Crow Wing,MN,Minnesota
27095,Mille Lacs,MN,Minnesota
48243,Jeff Davis,TX,Texas
46033,Custer,SD,South Dakota
27143,Sibley,MN,Minnesota
36023,Cortland,NY,New York
39051,Fulton,OH,Ohio
53051,Pend Oreille,WA,Washington
26011,Arenac,MI,Michigan
19031,Cedar,IA,Iowa
08003,Alamosa,CO,Colorado
39163,Vinton,OH,Ohio
55137,Waushara,WI,Wisconsin
42083,McKean,PA,Pennsylvania
19009,Audubon,IA,Iowa
27005,Becker,MN,Minnesota
37005,Alleghany,NC,North Carolina
39085,Lake,OH,Ohio
42011,Berks,PA,Pennsylvania
31165,Sioux,NE,Nebraska
18003,Allen,IN,Indiana
47115,Marion,TN,Tennessee
19169,Story,IA,Iowa
48163,Frio,TX,Texas
27141,Sherburne,MN,Minnesota
39097,Madison,OH,Ohio
13087,Decatur,GA,Georgia
46079,Lake,SD,South Dakota
29135,Moniteau,MO,Missouri
19057,Des Moines,IA,Iowa
55083,Oconto,WI,Wisconsin
40099,Murray,OK,Oklahoma
47027,Clay,TN,Tennessee
05043,Drew,AR,Arkansas
31029,Chase,NE,Nebraska
35047,San Miguel,NM,New Mexico
39165,Warren,OH,Ohio
34017,Hudson,NJ,New Jersey
54029,Hancock,WV,West Virginia
18015,Carroll,IN,Indiana
20201,Washington,KS,Kansas
48131,Duval,TX,Texas
47109,McNairy,TN,Tennessee
47087,Jackson,TN,Tennessee
13101,Echols,GA,Georgia
39119,Muskingum,OH,Ohio
16019,Bonneville,ID,Idaho
17069,Hardin,IL,Illinois
29129,Mercer,MO,Missouri
20147,Phillips,KS,Kansas
39115,Morgan,OH,Ohio
72057,Guayama,PR,Puerto Rico
21129,Lee,KY,Kentucky
22047,Iberville,LA,Louisiana
18081,Johnson,IN,Indiana
09013,Tolland,CT,Connecticut
21073,Franklin,KY,Kentucky
29145,Newton,MO,Missouri
26113,Missaukee,MI,Michigan
17051,Fayette,IL,Illinois
01105,Perry,AL,Alabama
27041,Douglas,MN,Minnesota
26123,Newaygo,MI,Michigan
39077,Huron,OH,Ohio
05059,Hot Spring,AR,Arkansas
46119,Sully,SD,South Dakota
31147,Richardson,NE,Nebraska
12067,Lafayette,FL,Florida
28067,Jones,MS,Mississippi
21163,Meade,KY,Kentucky
20121,Miami,KS,Kansas
39017,Butler,OH,Ohio
29177,Ray,MO,Missouri
05141,Van Buren,AR,Arkansas
21103,Henry,KY,Kentucky
18153,Sullivan,IN,Indiana
21117,Kenton,KY,Kentucky
19065,Fayette,IA,Iowa
48425,Somervell,TX,Texas
26067,Ionia,MI,Michigan
47171,Unicoi,TN,Tennessee
28041,Greene,MS,Mississippi
40017,Canadian,OK,Oklahoma
72045,Comerío,PR,Puerto Rico
12063,Jackson,FL,Florida
08097,Pitkin,CO,Colorado
54079,Putnam,WV,West Virginia
17121,Marion,IL,Illinois
48011,Armstrong,TX,Texas
37061,Duplin,NC,North Carolina
72115,Quebradillas,PR,Puerto Rico
72081,Lares,PR,Puerto Rico
47023,Chester,TN,Tennessee
72119,Río Grande,PR,Puerto Rico
21171,Monroe,KY,Kentucky
26035,Clare,MI,Michigan
47113,Madison,TN,Tennessee
13253,Seminole,GA,Georgia
39003,Allen,OH,Ohio
19145,Page,IA,Iowa
30103,Treasure,MT,Montana
56037,Sweetwater,WY,Wyoming
19059,Dickinson,IA,Iowa
28125,Sharkey,MS,Mississippi
40103,Noble,OK,Oklahoma
16053,Jerome,ID,Idaho
72003,Aguada,PR,Puerto Rico
51775,Salem,VA,Virginia
56001,Albany,WY,Wyoming
48179,Gray,TX,Texas
13243,Randolph,GA,Georgia
18115,Ohio,IN,Indiana
17081,Jefferson,IL,Illinois
51570,Colonial Heights,VA,Virginia
27071,Koochiching,MN,Minnesota
12015,Charlotte,FL,Florida
31035,Clay,NE,Nebraska
38013,Burke,ND,North Dakota
54055,Mercer,WV,West Virginia
12059,Holmes,FL,Florida
29025,Caldwell,MO,Missouri
21201,Robertson,KY,Kentucky
18181,White,IN,Indiana
31143,Polk,NE,Nebraska
29163,Pike,MO,Missouri
13085,Dawson,GA,Georgia
36073,Orleans,NY,New York
55078,Menominee,WI,Wisconsin
30065,Musselshell,MT,Montana
48433,Stonewall,TX,Texas
13197,Marion,GA,Georgia
48151,Fisher,TX,Texas
08047,Gilpin,CO,Colorado
18057,Hamilton,IN,Indiana
51580,Covington,VA,Virginia
35015,Eddy,NM,New Mexico
48463,Uvalde,TX,Texas
29017,Bollinger,MO,Missouri
49031,Piute,UT,Utah
28005,Amite,MS,Mississippi
16045,Gem,ID,Idaho
35057,Torrance,NM,New Mexico
48299,Llano,TX,Texas
29203,Shannon,MO,Missouri
39105,Meigs,OH,Ohio
28015,Carroll,MS,Mississippi
37187,Washington,NC,North Carolina
72011,Añasco,PR,Puerto Rico
21075,Fulton,KY,Kentucky
17117,Macoupin,IL,Illinois
35035,Otero,NM,New Mexico
41011,Coos,OR,Oregon
29035,Carter,MO,Missouri
17075,Iroquois,IL,Illinois
17067,Hancock,IL,Illinois
46089,McPherson,SD,South Dakota
46043,Douglas,SD,South Dakota
72069,Humacao,PR,Puerto Rico
18121,Parke,IN,Indiana
01053,Escambia,AL,Alabama
48487,Wilbarger,TX,Texas
51830,Williamsburg,VA,Virginia
19123,Mahaska,IA,Iowa
29093,Iron,MO,Missouri
13109,Evans,GA,Georgia
46097,Miner,SD,South Dakota
30111,Yellowstone,MT,Montana
29213,Taney,MO,Missouri
72035,Cayey,PR,Puerto Rico
72055,Guánica,PR,Puerto Rico
51169,Scott,VA,Virginia
72021,Bayamón,PR,Puerto Rico
55047,Green Lake,WI,Wisconsin
17157,Randolph,IL,Illinois
29065,Dent,MO,Missouri
20197,Wabaunsee,KS,Kansas
06067,Sacramento,CA,California
19005,Allamakee,IA,Iowa
26085,Lake,MI,Michigan
18177,Wayne,IN,Indiana
31063,Frontier,NE,Nebraska
05127,Scott,AR,Arkansas
34015,Gloucester,NJ,New Jersey
20157,Republic,KS,Kansas
31087,Hitchcock,NE,Nebraska
06035,Lassen,CA,California
05105,Perry,AR,Arkansas
29119,McDonald,MO,Missouri
28107,Panola,MS,Mississippi
72107,Orocovis,PR,Puerto Rico
27025,Chisago,MN,Minnesota
72071,Isabela,PR,Puerto Rico
20181,Sherman,KS,Kansas
05051,Garland,AR,Arkansas
19133,Monona,IA,Iowa
39109,Miami,OH,Ohio
16067,Minidoka,ID,Idaho
30067,Park,MT,Montana
17091,Kankakee,IL,Illinois
27009,Benton,MN,Minnesota
08041,El Paso,CO,Colorado
16065,Madison,ID,Idaho
13057,Cherokee,GA,Georgia
37179,Union,NC,North Carolina
17021,Christian,IL,Illinois
42087,Mifflin,PA,Pennsylvania
05137,Stone,AR,Arkansas
27043,Faribault,MN,Minnesota
19037,Chickasaw,IA,Iowa
28071,Lafayette,MS,Mississippi
12101,Pasco,FL,Florida
51077,Grayson,VA,Virginia
46021,Campbell,SD,South Dakota
51670,Hopewell,VA,Virginia
17137,Morgan,IL,Illinois
19183,Washington,IA,Iowa
48325,Medina,TX,Texas
20205,Wilson,KS,Kansas
46059,Hand,SD,South Dakota
42119,Union,PA,Pennsylvania
48285,Lavaca,TX,Texas
48177,Gonzales,TX,Texas
40037,Creek,OK,Oklahoma
13187,Lumpkin,GA,Georgia
29009,Barry,MO,Missouri
13067,Cobb,GA,Georgia
55035,Eau Claire,WI,Wisconsin
19131,Mitchell,IA,Iowa
21233,Webster,KY,Kentucky
17083,Jersey,IL,Illinois
46109,Roberts,SD,South Dakota
27065,Kanabec,MN,Minnesota
26061,Houghton,MI,Michigan
26005,Allegan,MI,Michigan
42077,Lehigh,PA,Pennsylvania
39019,Carroll,OH,Ohio
26117,Montcalm,MI,Michigan
20011,Bourbon,KS,Kansas
56011,Crook,WY,Wyoming
55089,Ozaukee,WI,Wisconsin
19043,Clayton,IA,Iowa
40091,McIntosh,OK,Oklahoma
48097,Cooke,TX,Texas
46031,Corson,SD,South Dakota
39029,Columbiana,OH,Ohio
51135,Nottoway,VA,Virginia
48249,Jim Wells,TX,Texas
17103,Lee,IL,Illinois
31151,Saline,NE,Nebraska
37071,Gaston,NC,North Carolina
17089,Kane,IL,Illinois
05143,Washington,AR,Arkansas
26049,Genesee,MI,Michigan
31033,Cheyenne,NE,Nebraska
39153,Summit,OH,Ohio
27113,Pennington,MN,Minnesota
13055,Chattooga,GA,Georgia
42109,Snyder,PA,Pennsylvania
48415,Scurry,TX,Texas
08039,Elbert,CO,Colorado
31153,Sarpy,NE,Nebraska
29229,Wright,MO,Missouri
13287,Turner,GA,Georgia
40007,Beaver,OK,Oklahoma
20165,Rush,KS,Kansas
46129,Walworth,SD,South Dakota
31073,Gosper,NE,Nebraska
48295,Lipscomb,TX,Texas
20175,Seward,KS,Kansas
13003,Atkinson,GA,Georgia
54069,Ohio,WV,West Virginia
28091,Marion,MS,Mississippi
32017,Lincoln,NV,Nevada
48189,Hale,TX,Texas
21041,Carroll,KY,Kentucky
29059,Dallas,MO,Missouri
45077,Pickens,SC,South Carolina
39137,Putnam,OH,Ohio
38043,Kidder,ND,North Dakota
46057,Hamlin,SD,South Dakota
40039,Custer,OK,Oklahoma
38031,Foster,ND,North Dakota
32013,Humboldt,NV,Nevada
40003,Alfalfa,OK,Oklahoma
26111,Midland,MI,Michigan
47099,Lawrence,TN,Tennessee
18045,Fountain,IN,Indiana
46091,Marshall,SD,South Dakota
19187,Webster,IA,Iowa
29131,Miller,MO,Missouri
55127,Walworth,WI,Wisconsin
39139,Richland,OH,Ohio
13131,Grady,GA,Georgia
46051,Grant,SD,South Dakota
39135,Preble,OH,Ohio
35019,Guadalupe,NM,New Mexico
72033,Cataño,PR,Puerto Rico
72015,Arroyo,PR,Puerto Rico
19049,Dallas,IA,Iowa
24510,Baltimore,MD,Maryland
31173,Thurston,NE,Nebraska
55109,St. Croix,WI,Wisconsin
17009,Brown,IL,Illinois
18095,Madison,IN,Indiana
17037,DeKalb,IL,Illinois
19161,Sac,IA,Iowa
40077,Latimer,OK,Oklahoma
19103,Johnson,IA,Iowa
29227,Worth,MO,Missouri
54101,Webster,WV,West Virginia
01007,Bibb,AL,Alabama
20029,Cloud,KS,Kansas
18169,Wabash,IN,Indiana
36097,Schuyler,NY,New York
33003,Carroll,NH,New Hampshire
32009,Esmeralda,NV,Nevada
38033,Golden Valley,ND,North Dakota
18063,Hendricks,IN,Indiana
19141,O'Brien,IA,Iowa
17007,Boone,IL,Illinois
20199,Wallace,KS,Kansas
01133,Winston,AL,Alabama
47183,Weakley,TN,Tennessee
28129,Smith,MS,Mississippi
28117,Prentiss,MS,Mississippi
26145,Saginaw,MI,Michigan
27017,Carlton,MN,Minnesota
27093,Meeker,MN,Minnesota
04023,Santa Cruz,AZ,Arizona
54077,Preston,WV,West Virginia
20117,Marshall,KS,Kansas
38015,Burleigh,ND,North Dakota
18163,Vanderburgh,IN,Indiana
02230,Skagway,AK,Alaska
48019,Bandera,TX,Texas
72009,Aibonito,PR,Puerto Rico
72117,Rincón,PR,Puerto Rico
42019,Butler,PA,Pennsylvania
19151,Pocahontas,IA,Iowa
42115,Susquehanna,PA,Pennsylvania
06115,Yuba,CA,California
48273,Kleberg,TX,Texas
20059,Franklin,KS,Kansas
48283,La Salle,TX,Texas
72151,Yabucoa,PR,Puerto Rico
20151,Pratt,KS,Kansas
08087,Morgan,CO,Colorado
38011,Bowman,ND,North Dakota
45039,Fairfield,SC,South Carolina
47169,Trousdale,TN,Tennessee
08014,Broomfield,CO,Colorado
29077,Greene,MO,Missouri
27099,Mower,MN,Minnesota
42085,Mercer,PA,Pennsylvania
21137,Lincoln,KY,Kentucky
40059,Harper,OK,Oklahoma
19165,Shelby,IA,Iowa
42007,Beaver,PA,Pennsylvania
31031,Cherry,NE,Nebraska
72097,Mayagüez,PR,Puerto Rico
17203,Woodford,IL,Illinois
54051,Marshall,WV,West Virginia
55139,Winnebago,WI,Wisconsin
47017,Carroll,TN,Tennessee
29221,Washington,MO,Missouri
42029,Chester,PA,Pennsylvania
26077,Kalamazoo,MI,Michigan
48111,Dallam,TX,Texas
18033,DeKalb,IN,Indiana
29175,Randolph,MO,Missouri
51710,Norfolk,VA,Virginia
28061,Jasper,MS,Mississippi
29015,Benton,MO,Missouri
29055,Crawford,MO,Missouri
17195,Whiteside,IL,Illinois
56007,Carbon,WY,Wyoming
38045,LaMoure,ND,North Dakota
31169,Thayer,NE,Nebraska
28141,Tishomingo,MS,Mississippi
39057,Greene,OH,Ohio
42039,Crawford,PA,Pennsylvania
19127,Marshall,IA,Iowa
18151,Steuben,IN,Indiana
20171,Scott,KS,Kansas
48247,Jim Hogg,TX,Texas
17199,Williamson,IL,Illinois
72029,Canóvanas,PR,Puerto Rico
35053,Socorro,NM,New Mexico
13017,Ben Hill,GA,Georgia
17077,Jackson,IL,Illinois
28085,Lincoln,MS,Mississippi
19155,Pottawattamie,IA,Iowa
46037,Day,SD,South Dakota
48123,DeWitt,TX,Texas
20127,Morris,KS,Kansas
21053,Clinton,KY,Kentucky
51510,Alexandria,VA,Virginia
18131,Pulaski,IN,Indiana
13117,Forsyth,GA,Georgia
20103,Leavenworth,KS,Kansas
19071,Fremont,IA,Iowa
25003,Berkshire,MA,Massachusetts
40111,Okmulgee,OK,Oklahoma
42047,Elk,PA,Pennsylvania
26037,Clinton,MI,Michigan
31023,Butler,NE,Nebraska
29185,St. Clair,MO,Missouri
26159,Van Buren,MI,Michigan
21161,Mason,KY,Kentucky
19007,Appanoose,IA,Iowa
20083,Hodgeman,KS,Kansas
48133,Eastland,TX,Texas
26015,Barry,MI,Michigan
05113,Polk,AR,Arkansas
18037,Dubois,IN,Indiana
08121,Washington,CO,Colorado
48375,Potter,TX,Texas
17175,Stark,IL,Illinois
19153,Polk,IA,Iowa
40071,Kay,OK,Oklahoma
53059,Skamania,WA,Washington
04019,Pima,AZ,Arizona
01017,Chambers,AL,Alabama
17023,Clark,IL,Illinois
32005,Douglas,NV,Nevada
45011,Barnwell,SC,South Carolina
18043,Floyd,IN,Indiana
51730,Petersburg,VA,Virginia
18141,St. Joseph,IN,Indiana
36003,Allegany,NY,New York
51520,Bristol,VA,Virginia
01127,Walker,AL,Alabama
72075,Juana Díaz,PR,Puerto Rico
26151,Sanilac,MI,Michigan
48181,Grayson,TX,Texas
41053,Polk,OR,Oregon
05111,Poinsett,AR,Arkansas
50017,Orange,VT,Vermont
01083,Limestone,AL,Alabama
72019,Barranquitas,PR,Puerto Rico
37067,Forsyth,NC,North Carolina
72007,Aguas Buenas,PR,Puerto Rico
37185,Warren,NC,North Carolina
72073,Jayuya,PR,Puerto Rico
21087,Green,KY,Kentucky
37011,Avery,NC,North Carolina
30037,Golden Valley,MT,Montana
28059,Jackson,MS,Mississippi
29219,Warren,MO,Missouri
47103,Lincoln,TN,Tennessee
51550,Chesapeake,VA,Virginia
22003,Allen,LA,Louisiana
72123,Salinas,PR,Puerto Rico
72109,Patillas,PR,Puerto Rico
01123,Tallapoosa,AL,Alabama
13071,Colquitt,GA,Georgia
55021,Columbia,WI,Wisconsin
19003,Adams,IA,Iowa
13125,Glascock,GA,Georgia
47039,Decatur,TN,Tennessee
19113,Linn,IA,Iowa
30075,Powder River,MT,Montana
18127,Porter,IN,Indiana
21021,Boyle,KY,Kentucky
16047,Gooding,ID,Idaho
36123,Yates,NY,New York
21215,Spencer,KY,Kentucky
72121,Sabana Grande,PR,Puerto Rico
31099,Kearney,NE,Nebraska
31131,Otoe,NE,Nebraska
47047,Fayette,TN,Tennessee
01125,Tuscaloosa,AL,Alabama
54015,Clay,WV,West Virginia
18085,Kosciusko,IN,Indiana
20017,Chase,KS,Kansas
21213,Simpson,KY,Kentucky
40107,Okfuskee,OK,Oklahoma
01019,Cherokee,AL,Alabama
27135,Roseau,MN,Minnesota
49003,Box Elder,UT,Utah
05065,Izard,AR,Arkansas
40131,Rogers,OK,Oklahoma
33011,Hillsborough,NH,New Hampshire
21169,Metcalfe,KY,Kentucky
55015,Calumet,WI,Wisconsin
20209,Wyandotte,KS,Kansas
51630,Fredericksburg,VA,Virginia
21157,Marshall,KY,Kentucky
31117,McPherson,NE,Nebraska
51045,Craig,VA,Virginia
42107,Schuylkill,PA,Pennsylvania
01067,Henry,AL,Alabama
39087,Lawrence,OH,Ohio
45081,Saluda,SC,South Carolina
29039,Cedar,MO,Missouri
29081,Harrison,MO,Missouri
72063,Gurabo,PR,Puerto Rico
22095,St. John the Baptist,LA,Louisiana
47179,Washington,TN,Tennessee
36079,Putnam,NY,New York
39173,Wood,OH,Ohio
13231,Pike,GA,Georgia
39001,Adams,OH,Ohio
38039,Griggs,ND,North Dakota
48231,Hunt,TX,Texas
51197,Wythe,VA,Virginia
31015,Boyd,NE,Nebraska
45037,Edgefield,SC,South Carolina
37035,Catawba,NC,North Carolina
20043,Doniphan,KS,Kansas
39013,Belmont,OH,Ohio
47125,Montgomery,TN,Tennessee
46017,Buffalo,SD,South Dakota
30101,Toole,MT,Montana
38065,Oliver,ND,North Dakota
36089,St. Lawrence,NY,New York
47137,Pickett,TN,Tennessee
13091,Dodge,GA,Georgia
39049,Franklin,OH,Ohio
31065,Furnas,NE,Nebraska
40051,Grady,OK,Oklahoma
20007,Barber,KS,Kansas
55103,Richland,WI,Wisconsin
19017,Bremer,IA,Iowa
31075,Grant,NE,Nebraska
48065,Carson,TX,Texas
12019,Clay,FL,Florida
36107,Tioga,NY,New York
21019,Boyd,KY,Kentucky
17141,Ogle,IL,Illinois
40123,Pontotoc,OK,Oklahoma
19139,Muscatine,IA,Iowa
08017,Cheyenne,CO,Colorado
28123,Scott,MS,Mississippi
29211,Sullivan,MO,Missouri
28103,Noxubee,MS,Mississippi
08073,Lincoln,CO,Colorado
37097,Iredell,NC,North Carolina
13115,Floyd,GA,Georgia
48365,Panola,TX,Texas
19167,Sioux,IA,Iowa
13123,Gilmer,GA,Georgia
20187,Stanton,KS,Kansas
29101,Johnson,MO,Missouri
16009,Benewah,ID,Idaho
21191,Pendleton,KY,Kentucky
29147,Nodaway,MO,Missouri
31053,Dodge,NE,Nebraska
09005,Litchfield,CT,Connecticut
05125,Saline,AR,Arkansas
48265,Kerr,TX,Texas
47095,Lake,TN,Tennessee
13155,Irwin,GA,Georgia
48327,Menard,TX,Texas
26009,Antrim,MI,Michigan
19087,Henry,IA,Iowa
30095,Stillwater,MT,Montana
37197,Yadkin,NC,North Carolina
46053,Gregory,SD,South Dakota
20177,Shawnee,KS,Kansas
37041,Chowan,NC,North Carolina
29123,Madison,MO,Missouri
56043,Washakie,WY,Wyoming
51810,Virginia Beach,VA,Virginia
18059,Hancock,IN,Indiana
36109,Tompkins,NY,New York
55093,Pierce,WI,Wisconsin
21111,Jefferson,KY,Kentucky
42025,Carbon,PA,Pennsylvania
53013,Columbia,WA,Washington
49021,Iron,UT,Utah
48305,Lynn,TX,Texas
51035,Carroll,VA,Virginia
08089,Otero,CO,Colorado
36093,Schenectady,NY,New York
40069,Johnston,OK,Oklahoma
48461,Upton,TX,Texas
13177,Lee,GA,Georgia
37157,Rockingham,NC,North Carolina
72083,Las Marías,PR,Puerto Rico
20141,Osborne,KS,Kansas
48307,McCulloch,TX,Texas
21049,Clark,KY,Kentucky
72127,San Juan,PR,Puerto Rico
47019,Carter,TN,Tennessee
37175,Transylvania,NC,North Carolina
54003,Berkeley,WV,West Virginia
29201,Scott,MO,Missouri
13105,Elbert,GA,Georgia
20189,Stevens,KS,Kansas
72111,Peñuelas,PR,Puerto Rico
18039,Elkhart,IN,Indiana
26091,Lenawee,MI,Michigan
31037,Colfax,NE,Nebraska
01103,Morgan,AL,Alabama
72145,Vega Baja,PR,Puerto Rico
06109,Tuolumne,CA,California
56003,Big Horn,WY,Wyoming
29021,Buchanan,MO,Missouri
51107,Loudoun,VA,Virginia
13127,Glynn,GA,Georgia
45089,Williamsburg,SC,South Carolina
22069,Natchitoches,LA,Louisiana
53037,Kittitas,WA,Washington
34035,Somerset,NJ,New Jersey
29001,Adair,MO,Missouri
54093,Tucker,WV,West Virginia
08107,Routt,CO,Colorado
30055,McCone,MT,Montana
37075,Graham,NC,North Carolina
13221,Oglethorpe,GA,Georgia
08081,Moffat,CO,Colorado
31079,Hall,NE,Nebraska
20047,Edwards,KS,Kansas
13083,Dade,GA,Georgia
72054,Florida,PR,Puerto Rico
39081,Jefferson,OH,Ohio
20087,Jefferson,KS,Kansas
51720,Norton,VA,Virginia
26133,Osceola,MI,Michigan
19089,Howard,IA,Iowa
28133,Sunflower,MS,Mississippi
38023,Divide,ND,North Dakota
55105,Rock,WI,Wisconsin
31011,Boone,NE,Nebraska
27149,Stevens,MN,Minnesota
38083,Sheridan,ND,North Dakota
17079,Jasper,IL,Illinois
39059,Guernsey,OH,Ohio
31021,Burt,NE,Nebraska
54053,Mason,WV,West Virginia
40121,Pittsburg,OK,Oklahoma
21145,McCracken,KY,Kentucky
31127,Nemaha,NE,Nebraska
09003,Hartford,CT,Connecticut
13159,Jasper,GA,Georgia
08085,Montrose,CO,Colorado
40055,Greer,OK,Oklahoma
28063,Jefferson,MS,Mississippi
54049,Marion,WV,West Virginia
48159,Franklin,TX,Texas
02063,Chugach,AK,Alaska
21211,Shelby,KY,Kentucky
72099,Moca,PR,Puerto Rico
20183,Smith,KS,Kansas
48367,Parker,TX,Texas
26155,Shiawassee,MI,Michigan
20035,Cowley,KS,Kansas
48221,Hood,TX,Texas
19115,Louisa,IA,Iowa
17127,Massac,IL,Illinois
31045,Dawes,NE,Nebraska
13129,Gordon,GA,Georgia
27147,Steele,MN,Minnesota
55079,Milwaukee,WI,Wisconsin
17019,Champaign,IL,Illinois
27121,Pope,MN,Minnesota
01077,Lauderdale,AL,Alabama
28127,Simpson,MS,Mississippi
47075,Haywood,TN,Tennessee
27055,Houston,MN,Minnesota
35049,Santa Fe,NM,New Mexico
48337,Montague,TX,Texas
17191,Wayne,IL,Illinois
55061,Kewaunee,WI,Wisconsin
18049,Fulton,IN,Indiana
48429,Stephens,TX,Texas
30109,Wibaux,MT,Montana
26001,Alcona,MI,Michigan
22089,St. Charles,LA,Louisiana
72137,Toa Baja,PR,Puerto Rico
12115,Sarasota,FL,Florida
40115,Ottawa,OK,Oklahoma
20191,Sumner,KS,Kansas
37181,Vance,NC,North Carolina
20015,Butler,KS,Kansas
29510,St. Louis,MO,Missouri
55025,Dane,WI,Wisconsin
72125,San Germán,PR,Puerto Rico
40015,Caddo,OK,Oklahoma
05083,Logan,AR,Arkansas
55133,Waukesha,WI,Wisconsin
48121,Denton,TX,Texas
28037,Franklin,MS,Mississippi
39079,Jackson,OH,Ohio
23001,Androscoggin,ME,Maine
22049,Jackson,LA,Louisiana
51685,Manassas Park,VA,Virginia
02068,Denali,AK,Alaska
56019,Johnson,WY,Wyoming
48369,Parmer,TX,Texas
55013,Burnett,WI,Wisconsin
19097,Jackson,IA,Iowa
26045,Eaton,MI,Michigan
46107,Potter,SD,South Dakota
38093,Stutsman,ND,North Dakota
41009,Columbia,OR,Oregon
18167,Vigo,IN,Indiana
38051,McIntosh,ND,North Dakota
04003,Cochise,AZ,Arizona
13035,Butts,GA,Georgia
28097,Montgomery,MS,Mississippi
39007,Ashtabula,OH,Ohio
38081,Sargent,ND,North Dakota
42117,Tioga,PA,Pennsylvania
51650,Hampton,VA,Virginia
13247,Rockdale,GA,Georgia
20033,Comanche,KS,Kansas
54037,Jefferson,WV,West Virginia
27169,Winona,MN,Minnesota
17113,McLean,IL,Illinois
06091,Sierra,CA,California
26065,Ingham,MI,Michigan
16051,Jefferson,ID,Idaho
19181,Warren,IA,Iowa
29083,Henry,MO,Missouri
20179,Sheridan,KS,Kansas
48317,Martin,TX,Texas
56045,Weston,WY,Wyoming
19179,Wapello,IA,Iowa
35003,Catron,NM,New Mexico
16057,Latah,ID,Idaho
29199,Scotland,MO,Missouri
37001,Alamance,NC,North Carolina
40047,Garfield,OK,Oklahoma
48055,Caldwell,TX,Texas
31111,Lincoln,NE,Nebraska
27045,Fillmore,MN,Minnesota
27033,Cottonwood,MN,Minnesota
13093,Dooly,GA,Georgia
45013,Beaufort,SC,South Carolina
48297,Live Oak,TX,Texas
39141,Ross,OH,Ohio
29049,Clinton,MO,Missouri
49053,Washington,UT,Utah
31059,Fillmore,NE,Nebraska
39025,Clermont,OH,Ohio
53001,Adams,WA,Washington
31089,Holt,NE,Nebraska
18155,Switzerland,IN,Indiana
39071,Highland,OH,Ohio
22023,Cameron,LA,Louisiana
19157,Poweshiek,IA,Iowa
39175,Wyandot,OH,Ohio
23013,Knox,ME,Maine
23019,Penobscot,ME,Maine
27159,Wadena,MN,Minnesota
48279,Lamb,TX,Texas
42013,Blair,PA,Pennsylvania
53023,Garfield,WA,Washington
55009,Brown,WI,Wisconsin
28105,Oktibbeha,MS,Mississippi
35059,Union,NM,New Mexico
37151,Randolph,NC,North Carolina
26131,Ontonagon,MI,Michigan
48381,Randall,TX,Texas
40147,Washington,OK,Oklahoma
51071,Giles,VA,Virginia
29161,Phelps,MO,Missouri
38025,Dunn,ND,North Dakota
21055,Crittenden,KY,Kentucky
36005,Bronx,NY,New York
48255,Karnes,TX,Texas
48291,Liberty,TX,Texas
17015,Carroll,IL,Illinois
12061,Indian River,FL,Florida
22093,St. James,LA,Louisiana
13069,Coffee,GA,Georgia
20045,Douglas,KS,Kansas
31067,Gage,NE,Nebraska
38075,Renville,ND,North Dakota
31171,Thomas,NE,Nebraska
29105,Laclede,MO,Missouri
31051,Dixon,NE,Nebraska
19191,Winneshiek,IA,Iowa
55087,Outagamie,WI,Wisconsin
13165,Jenkins,GA,Georgia
55081,Monroe,WI,Wisconsin
08123,Weld,CO,Colorado
29165,Platte,MO,Missouri
36087,Rockland,NY,New York
51025,Brunswick,VA,Virginia
72101,Morovis,PR,Puerto Rico
36001,Albany,NY,New York
30017,Custer,MT,Montana
29047,Clay,MO,Missouri
20063,Gove,KS,Kansas
26081,Kent,MI,Michigan
26069,Iosco,MI,Michigan
21185,Oldham,KY,Kentucky
48503,Young,TX,Texas
13297,Walton,GA,Georgia
13053,Chattahoochee,GA,Georgia
36007,Broome,NY,New York
39023,Clark,OH,Ohio
31057,Dundy,NE,Nebraska
31019,Buffalo,NE,Nebraska
17187,Warren,IL,Illinois
48345,Motley,TX,Texas
72129,San Lorenzo,PR,Puerto Rico
21077,Gallatin,KY,Kentucky
13307,Webster,GA,Georgia
39011,Auglaize,OH,Ohio
37143,Perquimans,NC,North Carolina
55113,Sawyer,WI,Wisconsin
35031,McKinley,NM,New Mexico
26105,Mason,MI,Michigan
20207,Woodson,KS,Kansas
21023,Bracken,KY,Kentucky
17161,Rock Island,IL,Illinois
21081,Grant,KY,Kentucky
20061,Geary,KS,Kansas
48385,Real,TX,Texas
48153,Floyd,TX,Texas
16011,Bingham,ID,Idaho
19185,Wayne,IA,Iowa
18031,Decatur,IN,Indiana
19061,Dubuque,IA,Iowa
50007,Chittenden,VT,Vermont
17159,Richland,IL,Illinois
17193,White,IL,Illinois
26107,Mecosta,MI,Michigan
55055,Jefferson,WI,Wisconsin
26087,Lapeer,MI,Michigan
42105,Potter,PA,Pennsylvania
13281,Towns,GA,Georgia
20105,Lincoln,KS,Kansas
51183,Sussex,VA,Virginia
26165,Wexford,MI,Michigan
41013,Crook,OR,Oregon
41049,Morrow,OR,Oregon
19129,Mills,IA,Iowa
46063,Harding,SD,South Dakota
40119,Payne,OK,Oklahoma
30097,Sweet Grass,MT,Montana
26127,Oceana,MI,Michigan
19053,Decatur,IA,Iowa
13161,Jeff Davis,GA,Georgia
19041,Clay,IA,Iowa
29075,Gentry,MO,Missouri
56005,Campbell,WY,Wyoming
53003,Asotin,WA,Washington
13043,Candler,GA,Georgia
48451,Tom Green,TX,Texas
39089,Licking,OH,Ohio
19193,Woodbury,IA,Iowa
